Real_Permittivity,Imag_Permittivity,Conductivity,Refl_Coef_Magnitude,Refl_Coef_Phase,VSWR,Position,FaultType
1.94236220943682,2.50611434975298e-05,56284245.516279,0.00269848167506609,3.14159265358979,1.0054115663628,10,Normal
2.05652450506246,1.62048910379961e-05,56807781.3149387,0.00431743967552167,0,1.0086723215763,10,Normal
2.17627856031078,2.39268983670869e-05,56404002.2311641,0.00485623422303701,0,1.00975986463473,10,Normal
2.12544111351202,1.79998534636974e-05,56737103.7475385,0.00168411024998466,0,1.00337390252379,10,Normal
2.07589054295628,2.34118446017686e-05,57425983.2549473,0.00500539972867945,3.14159265358979,1.0100611595828,10,Normal
2.05922338330231,2.65999724404054e-05,56313239.1073896,0.0026229319323881,3.14159265358979,1.00525965959388,10,Normal
1.98833798577735,2.95298877266028e-05,57024419.7389487,0.00652959642789847,3.14159265358979,1.01314502456122,10,Normal
2.20866326734601,1.94800467567169e-05,57247316.1803371,0.00456599896896873,0,1.00917388589146,10,Normal
2.11945422151367,2.22334302490206e-05,56156718.1173232,0.00088222912758401,0,1.00176601628618,10,Normal
1.9156189141586,2.50348250843663e-05,57065322.9637654,0.00376169589207836,0,1.00755179935677,10,Normal
1.86854563255692,1.71485916653811e-05,56369600.8220748,0.00296627254932769,3.14159265358979,1.00595019499874,10,Normal
1.94802877707405,2.59434189919387e-05,57651698.3960556,0.00913768096461575,0,1.01844389637001,10,Normal
2.09326312022915,1.15980628373658e-05,56988063.2528224,0.00900282408893656,0,1.0181692224918,10,Normal
2.32357519958115,2.12583715356935e-05,57673258.7349747,0.000619550356377692,3.14159265358979,1.00123986887396,10,Normal
2.03813638052205,1.55569456782768e-05,57066330.725196,0.00558401484758522,3.14159265358979,1.01123074232707,10,Normal
1.9677394011076,1.42770043158472e-05,56277175.5958801,0.00341615981787586,3.14159265358979,1.00685573993905,10,Normal
2.21121477617462,9.66612861275384e-06,57105638.1834605,7.08416130984825e-05,0,1.00014169326398,10,Normal
2.11356574947102,2.31209519829115e-05,57498750.299871,0.000297841735581219,3.14159265358979,1.00059586094342,10,Normal
2.04375914495465,1.77029850740674e-05,57654167.9282271,0.00331601468345108,3.14159265358979,1.00665409444178,10,Normal
1.99668204026553,2.30890679110842e-05,56416708.3611437,0.00152741800066996,0,1.00305950915069,10,Normal
1.98544794817747,1.27552277848615e-05,56479672.3387139,0.00204948101038806,3.14159265358979,1.00410738001813,10,Normal
1.9830000318226,1.59979045957149e-05,57104883.5491603,0.00645061789270588,3.14159265358979,1.01298499703965,10,Normal
1.93897786228158,2.06333551103547e-05,56884304.6982279,0.00142654628267694,3.14159265358979,1.00285716844838,10,Normal
2.13880109503804,2.53439295850567e-05,57859874.6660937,0.000324039246876021,3.14159265358979,1.00064828856469,10,Normal
2.09993268473546,1.63784349425334e-05,57833408.0413389,0.00497702130198981,0,1.01000383188839,10,Normal
2.01871644040208,2.19843486012252e-05,56759815.3615903,0.00402276428596882,3.14159265358979,1.00807802456064,10,Normal
2.10605036880473,2.54595058243001e-05,56707679.4979514,0.000458789491847215,0,1.00091800015252,10,Normal
2.18186897191845,2.27934827085836e-05,57335833.2920881,0.00136715229543953,0,1.00273804791938,10,Normal
2.09282219203492,1.62763598663128e-05,56552065.3304046,0.0107823568397482,3.14159265358979,1.02179976654137,10,Normal
1.9453708791373,1.29864165458376e-05,57745525.6359593,0.00201581468607228,0,1.00403977280549,10,Normal
1.98999713206118,3.27657399843065e-05,56858609.7304453,0.00481557567896311,3.14159265358979,1.00967775532108,10,Normal
1.91815239178893,2.03879949803222e-05,57366750.4307969,0.00163425067701232,3.14159265358979,1.0032738516483,10,Normal
2.10419458643701,3.17692739532078e-05,56161330.2296115,0.0122417601609726,0,1.02478695629604,10,Normal
2.02164405431102,2.19744270780201e-05,57110464.5663142,0.00763661361469603,0,1.01539076052073,10,Normal
1.86915056174474,2.19383071757804e-05,56932099.5828272,0.00411802621677099,0,1.00827010895905,10,Normal
2.07021005680577,1.94803224125448e-05,57078032.0821542,0.000798573339958271,3.14159265358979,1.00159842313802,10,Normal
2.01381195059817,1.96978196479375e-05,56643595.3034978,0.00430708012691405,3.14159265358979,1.00865142262428,10,Normal
1.96786224743295,2.2143469781932e-05,57563954.3984739,0.00198781057093567,0,1.00398353966413,10,Normal
1.96618486713502,2.42605351185171e-05,57542321.2258401,0.00112530910991077,3.14159265358979,1.00225315371422,10,Normal
2.05268472714184,2.65881308031399e-05,56545711.7790847,0.00661683289919719,3.14159265358979,1.01332181401565,10,Normal
2.00607132583386,2.19782138607366e-05,56614472.4293605,0.000108996208606186,3.14159265358979,1.00021801618015,10,Normal
2.12240031050591,1.89642587768599e-05,56423053.1000135,0.00441974993816075,3.14159265358979,1.00887874169438,10,Normal
2.00485604499205,1.8760398593993e-05,57150247.941667,0.00551264465937662,0,1.01108640472857,10,Normal
2.15497715449333,2.47257637425194e-05,57108303.3922233,0.00232608944021102,3.14159265358979,1.00466302549479,10,Normal
2.03092197485643,1.94377389912144e-05,57083665.0011412,0.00331184121870275,0,1.00664569191381,10,Normal
2.00884144333241,1.8269821200864e-05,56702209.8322512,0.00265773542537646,3.14159265358979,1.00532963561212,10,Normal
2.16079245787728,1.50547788181359e-05,56806198.3726291,0.000204504818577376,0,1.00040909329871,10,Normal
1.96713308156871,1.6020329592224e-05,57058282.17109,0.000774668968427047,0,1.00155053909137,10,Normal
1.89009011153135,1.54835015389597e-05,56997176.5958186,0.00160800644140471,3.14159265358979,1.00322119258123,10,Normal
1.86795597503249,1.47460299537055e-05,57559679.4972617,0.0106151822860904,0,1.02145814671104,10,Normal
2.10785606680079,7.6140102846751e-06,56378352.0882564,0.00398608036195974,0,1.00800406557251,10,Normal
2.04311030473518,2.27670357196182e-05,57364934.5438224,0.00594579399976331,0,1.01196271584361,10,Normal
2.08888577588599,1.84334990538428e-05,56862104.1832251,0.0103788809918744,0,1.02097546382655,10,Normal
1.85475554553316,2.14812138147137e-05,56896040.9678439,0.00193482427466019,0,1.00387715015355,10,Normal
1.87244090688258,1.19501226019182e-05,57428948.0072454,0.00519941578767203,0,1.01045318201494,10,Normal
1.69436807059314,2.97003433898741e-05,57078588.8348188,0.00690650433953903,3.14159265358979,1.01390907174343,10,Normal
1.94824973540682,2.32021882515919e-05,57622106.0962065,0.00481510995734381,3.14159265358979,1.00967681484219,10,Normal
2.03208323494697,1.303874415223e-05,56178098.6024608,0.013525189390331,3.14159265358979,1.02742125646771,10,Normal
1.96468608540879,1.73423300504914e-05,56317302.3310107,0.00402959840413463,3.14159265358979,1.00809180352685,10,Normal
1.99077896222683,2.926081883098e-05,57282558.5330213,0.0022601766115837,3.14159265358979,1.00453059316387,10,Normal
2.15934269409802,2.76367644442043e-05,57198324.788724,0.00369652166799402,3.14159265358979,1.00742047327624,10,Normal
1.95069454165239,1.91752336034955e-05,56529486.3928961,0.00554262783172299,0,1.01114703955513,10,Normal
2.00406977131065,2.39118742610408e-05,56526585.8385644,0.00428503331790884,3.14159265358979,1.00860694769345,10,Normal
2.14574292770423,1.32859601754179e-05,56251294.976851,0.00380820671220464,3.14159265358979,1.00764552917995,10,Normal
1.97537458602184,2.31763664867638e-05,57674022.8935417,0.000489650130254341,0,1.00097978000992,10,Normal
2.03865513307609,3.00593484059905e-05,56578582.7807971,0.00426623814750477,3.14159265358979,1.00856903383404,10,Normal
2.1385073357324,2.15951565135235e-05,56769123.8472707,0.00279567551994671,0,1.00560702646653,10,Normal
2.19285186476576,2.24212498010201e-05,56653849.0758359,0.00174051306715474,3.14159265358979,1.00348709546954,10,Normal
1.89638229382512,2.0103323411651e-05,56746744.0460553,0.00680762705233896,0,1.0137085769842,10,Normal
2.19493354900533,1.84254505721568e-05,56379453.5412904,0.00369143622226017,0,1.00741022682423,10,Normal
1.99673057807012,1.56628219449654e-05,57042834.4966695,0.00357715221221398,3.14159265358979,1.00717998833559,10,Normal
1.96873153726155,1.85188292834155e-05,56198348.0382186,0.0040074918140157,0,1.00804723284779,10,Normal
1.99536323077411,1.09251436333386e-05,57198482.3614568,0.00486435096255331,0,1.0097762570706,10,Normal
2.16839305698252,2.62495890434025e-05,56522907.6561402,0.00467587244443406,0,1.00939567788016,10,Normal
1.99812029402777,1.67689735410383e-05,57045620.1812107,0.0114440646232577,3.14159265358979,1.02315309475917,10,Normal
1.96509044345546,1.21452320588155e-05,57647140.4579014,0.00257504078862432,3.14159265358979,1.00516337748488,10,Normal
2.04485151985584,2.48554019361825e-05,57283374.928245,0.0100473069154108,3.14159265358979,1.02029855968997,10,Normal
1.93418625021923,2.60230979447781e-05,57035131.3112184,0.00832109271028858,0,1.01678182857197,10,Normal
1.86395526535944,2.73140920008836e-05,56743302.7553305,0.00179026162819488,0,1.00358694482607,10,Normal
1.8910406863081,2.78348943081054e-05,56836549.7614119,0.00126827609662859,3.14159265358979,1.00253977332706,10,Normal
1.87441018290679,1.6353179841069e-05,57101879.3916311,0.00576741223419443,3.14159265358979,1.01160173646522,10,Normal
1.90478504332126,1.83787239887789e-05,57655905.0644563,0.00351673655163338,3.14159265358979,1.00705829526823,10,Normal
1.86194785806041,2.39298809461122e-05,57210449.7304035,0.00323766566349674,3.14159265358979,1.00649636438289,10,Normal
2.02710610790888,2.76658918555861e-05,57211149.4335568,0.00389415855611979,0,1.00781876462139,10,Normal
1.87840409628792,1.13696069760477e-05,57333956.4781278,0.0015758314341585,0,1.00315663719644,10,Normal
1.95716576247019,2.46575392063554e-05,56956414.459368,0.00633174082796819,0,1.01274417446572,10,Normal
2.19012061822362,1.51461959579985e-05,56260563.7739339,0.000372686823353942,3.14159265358979,1.00074565154121,10,Normal
1.99186272304991,1.44053348816811e-05,57045192.98652,0.0116522811423901,3.14159265358979,1.02357931509339,10,Normal
2.10333373217814,2.01883563531519e-05,58342840.4524439,0.00490368403099443,0,1.00985569728739,10,Normal
1.88698564632062,2.23175343386029e-05,56420729.5167194,0.00509182900320012,0,1.01023577683174,10,Normal
1.93534403638588,2.1883601263512e-05,57388474.1137433,0.00065741142117624,0,1.00131568779053,10,Normal
1.79582947576933,1.40031147251548e-05,56719945.5365328,0.00300124297233026,0,1.00602055509332,10,Normal
1.91569860341248,2.51117460440577e-05,57049479.2942733,3.40727471607891e-05,3.14159265358979,1.0000681478163,10,Normal
1.94362090019745,1.73274540858327e-05,56432209.8712517,0.000440034636864526,0,1.00088045670518,10,Normal
1.96709232166687,1.44369306306078e-05,56889652.5891426,0.000575197789037222,3.14159265358979,1.0011510576639,10,Normal
1.86635953430212,2.22055165931593e-05,57055137.0811191,0.00685459118700776,3.14159265358979,1.01380380179213,10,Normal
1.87884067201492,3.05907443007571e-05,57531770.216184,0.00394939177046407,3.14159265358979,1.00793010262297,10,Normal
1.98985278710321,2.19189494542339e-05,57441648.5054939,0.0118223369519754,3.14159265358979,1.02392755350391,10,Normal
1.85456765122561,2.3855912553801e-05,57569897.1410494,0.00203495901074385,0,1.00407821702597,10,Normal
1.97734513730358,2.41612838618151e-05,56783917.2790971,0.00307753285800226,3.14159265358979,1.00617406660886,10,Normal
2.00085143874587,2.10161975347484e-05,56689537.9923892,0.000163773195970359,0,1.00032760004405,10,Normal
2.04691292688819,1.52018399557832e-05,56847925.6095573,0.00350819036863614,0,1.00704108219401,10,Normal
1.93205893303652,1.89897430843382e-05,57984047.2689691,0.0043421315767257,3.14159265358979,1.00872213581479,10,Normal
2.09032023722514,1.96356668900822e-05,57885399.42061,0.00144555932852781,3.14159265358979,1.00289530399075,10,Normal
2.0484629548964,1.5408499354023e-05,57043498.587118,0.00255727745437521,0,1.00512766777795,10,Normal
1.86986566250858,2.1306151446673e-05,57634134.1989038,0.00754422005710831,3.14159265358979,1.01520313591713,10,Normal
2.06799041039149,1.99341407304243e-05,57015454.1477392,0.00731708646689111,3.14159265358979,1.0147420417278,10,Normal
2.11173056095793,7.70635877690327e-06,57137296.0422813,0.00401674673991368,3.14159265358979,1.00806589212573,10,Normal
2.04367730297717,1.77800201410485e-05,56127290.7121921,0.00828919058301037,3.14159265358979,1.01671695116015,10,Normal
2.08489933569841,2.45377616924155e-05,57604030.3148043,0.00751199349782467,0,1.01513770130946,10,Normal
1.7905065146032,5.37957351983404e-06,56355277.0669747,0.00363203736117603,0,1.00729055428791,10,Normal
1.90677180950032,2.22198814254306e-05,57505054.3312609,0.00104294899952257,0,1.00208807575557,10,Normal
1.9317875939467,1.98814428269641e-05,57256642.1625729,0.00539876755928708,0,1.0108561449216,10,Normal
1.99667691816554,1.96953276849319e-05,57134994.3014212,0.00313328055459635,0,1.00628625771826,10,Normal
2.0485816132205,2.23556791341969e-05,56622292.3049705,0.00438968402524076,3.14159265358979,1.00881807662056,10,Normal
1.95813432517254,2.54118807361001e-05,56791651.4300378,0.00949805981958925,0,1.01917827605236,10,Normal
1.98529492773269,1.72025040572696e-05,56700015.6424155,0.000487172746324877,0,1.00097482039858,10,Normal
2.031283902264,2.28796904615316e-05,56813408.2369933,0.00252847227841938,0,1.00506976331283,10,Normal
1.91821325951072,2.15553740836625e-05,56474992.8479253,0.00509766505725324,0,1.01024756878784,10,Normal
1.95770686423518,1.5365945286813e-05,57472401.4034262,0.0046611200442809,3.14159265358979,1.00936589565252,10,Normal
2.08049004830202,2.59681123368732e-05,57083701.9726707,0.00446590652442063,3.14159265358979,1.00897188062908,10,Normal
2.18161519383604,2.70811864669345e-05,56565285.880127,0.00494043030297861,3.14159265358979,1.0099299186771,10,Normal
2.0047310306462,2.17249564073457e-05,56881056.773764,0.00015691918500014,3.14159265358979,1.00031388762499,10,Normal
2.00313070522974,2.3190251495983e-05,56854229.1629038,0.00432501105091999,0,1.00868759605077,10,Normal
1.81294923181977,2.33750597827043e-05,57240998.1690112,0.0045950751643848,3.14159265358979,1.00923257470349,10,Normal
1.98646606184808,2.26100801304374e-05,57014407.8006512,0.000171591367894516,0,1.00034324163309,10,Normal
2.00887808900695,2.3643499658579e-05,57890798.3182115,0.00125283045858166,3.14159265358979,1.00250880402326,10,Normal
1.9602552453625,2.52932514155381e-05,56994917.038707,0.00531593187870896,3.14159265358979,1.01068868407383,10,Normal
1.90778348196977,2.14098087526673e-05,57816854.7478097,0.00432520722341321,3.14159265358979,1.00868799181177,10,Normal
1.97638789868037,2.2266858669833e-05,57475915.599544,0.00177090275990366,3.14159265358979,1.00354808884013,10,Normal
1.84136681468306,2.24734771321927e-05,56550485.8557824,0.00413040541862706,0,1.00829507285111,10,Normal
1.91869726682052,1.17154690182891e-05,57586018.2747087,0.00184712372283307,3.14159265358979,1.00370108380536,10,Normal
1.95813421417433,3.11761452145933e-05,56382076.8953802,0.000307809566504412,0,1.00061580868481,10,Normal
1.94466859785052,2.55084678925892e-05,57561547.0802562,0.00278241476291911,0,1.00558035639185,10,Normal
1.91893718996965,8.57638033997174e-06,56777718.4635806,0.000882679926198479,3.14159265358979,1.00176691947675,10,Normal
2.09890949232308,2.09324047681606e-05,57603577.2878345,0.00521387965082858,0,1.01048241334328,10,Normal
2.0279810275246,1.17915045835199e-05,57722308.7047606,0.00504335115423215,0,1.01013783094989,10,Normal
2.04609372477029,1.82550686450435e-05,57267155.8002689,0.00476646015271959,3.14159265358979,1.00957857620725,10,Normal
2.10495199133196,2.62075649458606e-05,57297914.0345788,5.3522722923018e-05,3.14159265358979,1.00010705117552,10,Normal
1.99953217241536,2.67906425266617e-05,56567997.7856099,0.0017605864804947,3.14159265358979,1.00352738322421,10,Normal
1.86052419578982,2.00835115012244e-05,56483696.5072971,0.00848576999428101,3.14159265358979,1.01711678912411,10,Normal
2.01482875623839,1.51280742213952e-05,56957552.0450876,0.00527432310960493,3.14159265358979,1.01060457819103,10,Normal
2.02845967794031,1.84811298454459e-05,56705853.6761983,0.00343710935765692,0,1.00689792764698,10,Normal
2.08322516924812,2.14486051319209e-05,57204814.7675379,3.71760251320527e-05,0,1.00007435481448,10,Normal
1.97741109992072,2.79185417841728e-05,56554593.9689574,0.00229010445247153,3.14159265358979,1.00459072213815,10,Normal
1.90113235996557,2.1059687356652e-05,57792761.4932187,0.00282620542528294,3.14159265358979,1.00566843100101,10,Normal
1.94553242045311,1.68117082581073e-05,57377877.717859,0.00723093352201575,0,1.01456720150975,10,Normal
1.93122501743481,2.04499074437434e-05,57539814.1917835,0.00491554212786366,3.14159265358979,1.00987964808208,10,Normal
2.05053967211736,2.0884379263507e-05,56448212.3984401,0.00567815954393898,3.14159265358979,1.01142117031511,10,Normal
2.01541029667642,2.23354647341353e-05,57440976.8574663,0.000152735719243313,3.14159265358979,1.00030551810201,10,Normal
1.95581183573962,1.54341177620151e-05,57732127.6461628,0.00786159522533345,0,1.01584777927656,10,Normal
2.12121892278301,2.10660096198415e-05,56988824.1448421,0.00441126152914565,3.14159265358979,1.00886161395502,10,Normal
2.05724392499415,2.05864576693866e-05,57264950.5160528,0.00120463520436242,0,1.0024121762011,10,Normal
1.98496019697404,3.05784450084051e-05,57595126.9308086,0.00342560492553424,0,1.006874760063,10,Normal
1.91632687913234,1.78585612600429e-05,56601656.2870879,0.00284450652377385,3.14159265358979,1.00570524164463,10,Normal
1.90924842305725,2.12646856263863e-05,57007243.7040251,0.00492042237042686,0,1.00988950528388,10,Normal
1.92302276140677,2.87921364142817e-05,56773480.1010583,0.00197141188466035,3.14159265358979,1.00395061205287,10,Normal
1.84317451221797,1.15572139757581e-05,56347185.9352929,0.00424817673548049,0,1.00853260147002,10,Normal
1.95452425174298,2.41320657858276e-05,56890780.5165262,0.00182288817013067,0,1.00365243431957,10,Normal
1.90639942713194,2.39144105733864e-05,56351583.2173925,0.000790623278656366,0,1.00158249771685,10,Normal
1.95970103151116,7.93867290978757e-06,56265518.1632261,0.00891131636837186,3.14159265358979,1.01798288390443,10,Normal
2.18130599150877,1.81535180958391e-05,56611105.9945841,0.00298149640533868,0,1.00598082461778,10,Normal
1.94953531367839,2.43370566301972e-05,57324487.0869279,0.00279598111723257,3.14159265358979,1.00560764109307,10,Normal
2.00200203743006,1.16216084073311e-05,57103684.1244458,0.00602725742440905,3.14159265358979,1.01212761108276,10,Normal
1.96575071650393,2.12283115604266e-05,57384076.0632059,0.0108531864588272,3.14159265358979,1.02194454111412,10,Normal
2.42531724655156,1.90492572240987e-05,56884578.8227509,0.00112480417355185,0,1.00225214156534,10,Normal
2.24314587227309,2.0831618144777e-05,56490786.930821,0.00184829736920223,0,1.00370343979644,10,Normal
2.02091977054574,9.44164565725232e-06,57014808.134427,0.00949218457041837,3.14159265358979,1.01916629919028,10,Normal
2.19553999952875,3.28153383305276e-05,56930161.3198689,0.00026463511545699,0,1.00052941033148,10,Normal
1.92631515855495,2.88545890095658e-05,56088735.1544955,0.0035131487295409,3.14159265358979,1.00705106891288,10,Normal
1.87024488352482,2.67888338873098e-05,57030311.7230121,0.00108624529123694,0,1.00217485300631,10,Normal
2.07499372789188,2.45111451054679e-05,57206224.8271466,0.00897843594914031,3.14159265358979,1.01811955718186,10,Normal
2.16778036389792,1.3674882809452e-05,57196332.2067546,0.00259183082859151,0,1.00519713174346,10,Normal
2.01812863516834,2.34628455703463e-05,56533427.8397159,0.00178072965215774,3.14159265358979,1.00356781261403,10,Normal
2.02150620172201,1.69255239671669e-05,56275053.8698537,0.00982548321296886,0,1.01984596259829,10,Normal
1.90001770356027,9.37468785065172e-06,57277109.090034,0.00679528817614834,3.14159265358979,1.01368356008636,10,Normal
2.05450723223414,1.76705418850364e-05,56958707.7209468,0.00318582206791667,3.14159265358979,1.00639200793577,10,Normal
1.81356549319726,1.97488149407203e-05,56330597.0062134,0.0039553186111323,3.14159265358979,1.00794205056267,10,Normal
1.93140711196265,2.2984058593315e-05,58011777.9144814,0.00679411373943495,0,1.01368117896485,10,Normal
1.98503872227506,2.03945284569281e-05,56224358.0214605,0.00715994155617733,0,1.014423152038,10,Normal
2.00304130711837,1.66465189289738e-05,57232116.404341,0.00256827438578268,3.14159265358979,1.00514977480629,10,Normal
1.91808733227298,3.37253290840576e-05,57687377.5939262,0.00150966065405646,0,1.00302388635036,10,Normal
1.85082387993592,1.88700846329893e-05,56755760.6005589,0.0101254935367163,0,1.0204581357952,10,Normal
2.045874801522,1.46748228811035e-05,56753950.601908,0.000865566288171544,0,1.00173263228444,10,Normal
1.96933257091834,2.65899172671201e-05,56199726.2044692,0.000331471726771432,0,1.00066316327342,10,Normal
2.02516638296867,2.23050616364273e-05,56778562.4872993,0.0101984915699938,3.14159265358979,1.02060714493388,10,Normal
1.81470283727606,1.36201418148041e-05,56619556.3271397,0.0122685474641075,3.14159265358979,1.02484186857189,10,Normal
1.99535295609899,1.12993278950193e-05,57365650.7841451,0.00646671147028123,0,1.01301760402986,10,Normal
2.01114486587547,2.19102177854836e-05,56232270.6188666,0.00962332053806447,0,1.01943365739042,10,Normal
1.88222956236596,2.1304762186741e-05,57016809.3856682,0.00130104250464101,0,1.0026054748428,10,Normal
1.9522466802343,1.46017111217919e-05,57525652.5330861,0.00186199274063437,3.14159265358979,1.00373093245041,10,Normal
1.88121251141955,3.32299909178877e-05,57120155.935228,0.00290291126523634,3.14159265358979,1.00582272538559,10,Normal
1.85812999820871,1.82224075023543e-05,56816898.3048834,0.0051650203809104,0,1.01038367264265,10,Normal
2.09831117548377,1.86540674728482e-05,57225797.0080879,0.00919901490409504,0,1.01856884488908,10,Normal
1.9329797243738,3.1308752599606e-05,57062489.7999412,0.00529174622792361,0,1.01063979555384,10,Normal
2.04495944422096,1.81232276764839e-05,56854289.0009969,0.00683567474826298,0,1.01376544560545,10,Normal
1.95761193809981,2.40648595139755e-05,56211756.0348096,0.0032714550531884,0,1.0065643851975,10,Normal
2.00781339806636,1.78964783121196e-05,57531327.0569604,0.0113809655923114,3.14159265358979,1.02302396615119,10,Normal
2.02859279854913,1.67459890277485e-05,56908483.8037627,0.0072391132518399,3.14159265358979,1.01458380028559,10,Normal
1.99015517218978,2.58617133086968e-05,56607040.6614796,0.00733504615707663,0,1.01477849324423,10,Normal
1.96217827687844,1.88830034763878e-05,56790649.5958329,0.00178596302584218,0,1.00357831679317,10,Normal
1.97634440782167,2.7768833081134e-05,56870481.7725208,0.00652398226116658,3.14159265358979,1.01313364821028,10,Normal
2.19851877001575,1.45547135342253e-05,57312340.9275623,0.0110104382995677,3.14159265358979,1.02226603540817,10,Normal
2.13333442619593,1.71217038263725e-05,57314803.7541752,0.005016329144683,0,1.01008323913572,10,Normal
2.12844370751819,8.83713335618686e-06,57790239.3509744,0.00578317435078783,3.14159265358979,1.01163362800064,10,Normal
1.79858463930909,2.29632205492833e-05,56464038.1335223,0.00410118793487614,3.14159265358979,1.00823615388469,10,Normal
2.15926523276056,1.782716883596e-05,56928379.652765,0.000737795490978555,0,1.00147668047015,10,Normal
2.08865807629688,2.54220533579405e-05,56973861.3924127,0.00277073240938428,0,1.00555686139473,10,Normal
1.91494672423695,1.95666281819259e-05,55973722.0741461,0.00552223220127974,0,1.01110579317123,10,Normal
1.76969827415825,2.42605037952896e-05,56594506.2765836,0.00263630634052429,3.14159265358979,1.0052865496454,10,Normal
2.09463951883188,1.68197433917894e-05,57488871.2616907,0.000865766688650813,0,1.00173303378022,10,Normal
2.0087076465795,2.27181801259938e-05,56644819.2587863,0.00403252162136726,3.14159265358979,1.00809769738251,10,Normal
2.14450381858783,2.24920691441887e-05,57061933.0925091,0.00166776947327754,3.14159265358979,1.00334111114974,10,Normal
1.83895567240595,2.39589217350389e-05,56649131.3895232,0.00321161295409491,0,1.00644392128928,10,Normal
2.12017877588641,2.54819839118921e-05,55897570.0012406,0.00300817187345327,0,1.0060344965497,10,Normal
1.87135257070089,2.1065993636768e-05,56540253.5765533,0.00680683458758045,0,1.01370697025438,10,Normal
1.84963312537378,2.27075313739789e-05,57473569.1020558,0.00189432692057399,0,1.0037958444114,10,Normal
1.93483752998763,1.56373719827433e-05,57195002.760887,0.00109904534493627,0,1.00220050914921,10,Normal
2.06754259373775,7.9904317608728e-06,57252377.2983622,0.00636155328246873,3.14159265358979,1.01280456347776,10,Normal
2.05894348090719,3.25353877879663e-05,56983959.6707293,0.00236557733757424,3.14159265358979,1.00474237312554,10,Normal
2.01175977537099,2.11320298358358e-05,56557866.5279456,0.0025978208989921,3.14159265358979,1.00520917429985,10,Normal
1.96560773535207,2.43729866513894e-05,57086661.5807317,0.00437803597798084,3.14159265358979,1.00879457492138,10,Normal
2.12790354673265,1.99602283723343e-05,56929953.5847668,0.0146713935706991,0,1.02977969679347,10,Normal
1.95959850068885,1.35089963587151e-05,57390125.3260627,0.00162224805234383,3.14159265358979,1.00324976803455,10,Normal
2.09210397375734,2.20339934200691e-05,56641547.9143276,0.00982165108805825,0,1.01983814551964,10,Normal
1.97632205900558,1.88579880359677e-05,56990186.5826915,0.00186893486044132,0,1.00374486863642,10,Normal
1.93818809100541,1.68537257589849e-05,56171932.1686635,0.00375939362350095,0,1.00754715999215,10,Normal
1.98685256364292,1.99227624859487e-05,56809136.7132257,4.76493508439983e-05,0,1.00009530324283,10,Normal
1.9360154055061,1.20916857805092e-05,57430732.646335,0.00142377804982718,0,1.00285161616816,10,Normal
2.0710397889265,2.10155419957777e-05,56947506.0058691,0.000177080463621088,3.14159265358979,1.00035422365333,10,Normal
2.00091075547532,1.60667734581946e-05,56783232.8940353,0.00323566852678221,3.14159265358979,1.00649234412712,10,Normal
1.93108233197237,2.42287445226415e-05,56751811.6593981,0.00340377681166911,0,1.00683080415613,10,Normal
2.10822439823159,1.38849789215295e-05,56945080.9732172,0.00366755447990837,3.14159265358979,1.00736210989896,10,Normal
1.9629177868384,1.96006286404536e-05,57814331.8008443,0.00996170933119723,3.14159265358979,1.02012388697505,10,Normal
2.0057561429534,1.27979483873164e-05,57334914.49629,0.000824639417693961,0,1.00165064001821,10,Normal
2.08603360100856,1.1969780859655e-05,57351361.0264097,0.0119397450119193,3.14159265358979,1.02416805038284,10,Normal
2.04002231727057,1.85368918047189e-05,57525116.3757533,0.00651182861961686,0,1.01310902093695,10,Normal
1.89111135968069,1.93814085896733e-05,56490348.7630234,0.00521365058719446,0,1.01048195040125,10,Normal
2.11019204058492,2.19628963538328e-05,57411808.5667026,0.010032329829504,0,1.02026799486851,10,Normal
2.050804968967,1.61868211982784e-05,56957085.436287,0.00263714968264344,3.14159265358979,1.00528824525959,10,Normal
1.93717061567618,2.39864981388416e-05,56716747.2561488,0.0138677497385006,3.14159265358979,1.0281255373908,10,Normal
1.93306978146589,3.01658135969699e-05,57913711.2473512,0.00530761799859632,0,1.01067187825027,10,Normal
2.14178002767227,2.71340215643106e-05,56490634.243651,0.001173124518211,3.14159265358979,1.00234900471144,10,Normal
2.036707869031,1.09245578456133e-05,57845095.9303789,0.00771830825308849,0,1.01555668781815,10,Normal
2.01343289389646,1.96051265037659e-05,56913890.056613,0.0143843152314557,0,1.02918848685902,10,Normal
2.13131041720015,1.65130259614742e-05,57209721.7494644,0.00242200534095864,0,1.00485577138615,10,Normal
2.22572676296088,1.80094789797574e-05,57213664.9826804,0.00248131992405456,3.14159265358979,1.00497498437596,10,Normal
1.85822579773136,2.81118395716097e-05,57574731.189746,0.001125878042206,3.14159265358979,1.00225429414469,10,Normal
1.92739956357375,1.85399906690587e-05,57144637.0424288,0.00396229760489983,0,1.00795611972393,10,Normal
1.89419068397985,1.99832299882232e-05,57280186.4171782,0.00278143409213555,3.14159265358979,1.00557838409196,10,Normal
2.04260624856709,2.12043221128058e-05,56369659.8271929,0.00438391594900385,3.14159265358979,1.00880643858457,10,Normal
1.9056529786122,2.25777540840387e-05,57044670.2099411,0.000772439321581653,0,1.00154607289066,10,Normal
2.02718871664293,2.12486733319781e-05,56726217.0068039,0.00992219351923794,0,1.02004326014438,10,Normal
2.08023717517256,6.6035797314238e-06,57788338.2205138,0.00522714080074045,0,1.01050921474667,10,Normal
2.15406308332905,1.88294818723692e-05,57017614.2315465,0.000472339255122409,0,1.00094512492985,10,Normal
1.97562833652743,2.0282832550994e-05,57105364.1815014,0.00412277336997226,3.14159265358979,1.00827968199237,10,Normal
2.1030454739687,9.99887579795068e-06,56757128.0163476,0.00212771222926862,0,1.00426449808326,10,Normal
1.89663296171968,1.89346529331406e-05,56158907.3958064,0.00629933821554132,0,1.01267854286064,10,Normal
2.1012526331976,9.56562647620647e-06,57395934.5134159,0.00401449536149393,3.14159265358979,1.00806135298716,10,Normal
1.87152370788277,1.45485475427443e-05,56072837.1856911,0.000216805499437508,0,1.00043370502851,10,Normal
1.96832076814703,1.87301045048463e-05,56669158.3607925,0.00462768562226876,0,1.00929840132265,10,Normal
2.09577142081453,8.43829834375103e-06,57320051.035768,0.00553310802534681,0,1.01112778729991,10,Normal
1.89392162989065,2.06776080644385e-05,56783592.2691709,0.00168005978059685,0,1.00336577426316,10,Normal
1.9252173287225,2.3605200410052e-05,56298194.5823873,0.00390585237196665,0,1.00784233574962,10,Normal
2.09260818544297,2.66833749012569e-05,56544925.7456716,0.00229781510465897,3.14159265358979,1.00460621443843,10,Normal
2.01650807978473,1.83533699657155e-05,57758303.0073992,0.00244792886120567,3.14159265358979,1.00490787184354,10,Normal
2.04847464020417,1.38350836469348e-05,57341086.977387,0.00431573665633407,0,1.0086688859415,10,Normal
2.06410671632037,8.83743488142629e-06,56594910.0829557,0.00343333924884762,0,1.00689033535651,10,Normal
2.01669474309832,2.11248840839363e-05,56547753.7564446,0.00634345756556277,0,1.01276790781254,10,Normal
1.91475980830865,2.51486435536082e-05,56347545.3018398,0.00288705963713114,0,1.00579083776825,10,Normal
1.93101643558225,1.19906398706827e-05,57360260.3312039,3.24580277074002e-05,0,1.00006491816253,10,Normal
1.81570104724137,2.7618657423863e-05,57174703.4272904,2.68215493198016e-05,0,1.00005364453747,10,Normal
2.10344895078555,1.22080894380155e-05,56669237.4707705,0.00293550328327963,0,1.00588829166608,10,Normal
2.01765064834897,2.04914782744874e-05,56658332.060685,0.00101048433445418,0,1.00202301289174,10,Normal
1.97208415501052,2.56570388904966e-05,56347120.0594554,0.00274113247939404,0,1.00549733387923,10,Normal
1.9911178699325,3.03534556537685e-05,58175051.2677429,0.00172626840219242,0,1.00345850711594,10,Normal
2.15624038866882,2.37870531246348e-05,56567634.2552813,0.00943685649634051,0,1.01905351831073,10,Normal
1.82188949087844,2.63775877384944e-05,57284917.9153514,0.000790306906773076,3.14159265358979,1.00158186397157,10,Normal
2.0148969892982,1.72077912238785e-05,57384403.3719818,0.00209593470341133,3.14159265358979,1.0042006737447,10,Normal
2.00089563770141,2.47697511244864e-05,56782053.7386891,0.00585850519431882,3.14159265358979,1.01178605907696,10,Normal
2.02476375114797,1.22818785011633e-05,56901188.1731796,0.00145546850803717,0,1.00291517996871,10,Normal
1.81001120959142,2.64418422196685e-05,56579383.7700187,0.00581478941324321,3.14159265358979,1.01169759789489,10,Normal
2.12671912153683,2.08137770716691e-05,57128618.6827685,0.000310049382645042,3.14159265358979,1.00062029108616,10,Normal
2.06668919711114,2.67066822138137e-05,57181484.2036829,0.00137321989125925,0,1.00275021643443,10,Normal
2.03401137944735,1.92808159576247e-05,57416476.3184295,0.00487365267385949,3.14159265358979,1.00979504298515,10,Normal
2.08394973030736,2.07884593600959e-05,57045500.5871207,0.00213181417167302,0,1.00427273702469,10,Normal
2.03697025129394,2.02426135945047e-05,55857817.3374911,0.00520810927212109,3.14159265358979,1.01047075136149,10,Normal
2.07521532031994,2.33221824228342e-05,57577173.7611204,0.00245766218842444,3.14159265358979,1.00492743434593,10,Normal
1.85521998838886,1.17527190708876e-05,57249293.5304101,0.00384717964136623,0,1.00772407518754,10,Normal
2.02014975545696,1.25143486019263e-05,56690303.4354283,0.00224727927160722,3.14159265358979,1.0045046818213,10,Normal
2.01410394316144,1.54106743514117e-05,57385862.1226392,0.00464178601718598,3.14159265358979,1.00932686534753,10,Normal
1.98956390297143,1.4887846546335e-05,57154355.4839402,0.000496959378862036,0,1.00099441294056,10,Normal
2.03649064904052,2.6493379454151e-05,57215198.179998,0.00306892431536506,0,1.00615674320967,10,Normal
2.19848841807272,1.65020030096333e-05,57391022.5501493,0.00853682485194095,3.14159265358979,1.01722065945751,10,Normal
2.21866011799818,2.70814008371652e-05,57544520.9910267,0.0018007570883536,0,1.00360801132868,10,Normal
1.99189329290499,1.67111116305141e-05,57142393.6518431,0.00956459943538424,3.14159265358979,1.01931392886388,10,Normal
1.916958026503,1.23843616889158e-05,56789004.4900318,0.00444452631786357,3.14159265358979,1.00892873664071,10,Normal
2.0899584580523,2.41363969788332e-05,56871686.4448118,0.000434926469613633,0,1.00087023142591,10,Normal
2.06577654768773,2.09004099484995e-05,57735088.4885856,0.000779406448247676,0,1.001560028793,10,Normal
1.82943853991268,1.99834205010669e-05,56793721.4921468,0.00118570583012995,0,1.00237422679481,10,Normal
2.10543437800616,2.02422257418611e-05,56830318.5285845,0.0019055787365455,0,1.00381843379935,10,Normal
2.08960027256784,2.39948965876229e-05,56889650.7108928,0.0142033861452449,0,1.02881605788785,10,Normal
2.00398725043584,1.65984605775583e-05,56918346.0548693,0.000316960317505004,0,1.0006341216264,10,Normal
2.03161401844888,2.79945081228309e-05,57103779.9827761,0.000973183674117566,3.14159265358979,1.00194826336634,10,Normal
1.97305193904136,2.72575350383865e-05,57508380.1253854,0.00402087710208762,0,1.00807421964908,10,Normal
1.82044126860075,2.10532747287234e-05,56311206.4486041,0.0032674459983174,3.14159265358979,1.00655631439988,10,Normal
1.96666724432435,1.58706806963274e-05,56292179.9708849,0.00123211708641717,3.14159265358979,1.00246727414346,10,Normal
2.12865355683444,2.18794999687434e-05,56537563.1593032,0.00467365090489252,3.14159265358979,1.00939119296729,10,Normal
1.82915139886418,1.40060943467661e-05,57145143.7851317,0.00462753641262015,3.14159265358979,1.00929810012212,10,Normal
1.97322902746211,1.52535243867201e-05,57532814.9887717,0.00323112690720347,0,1.00648320186239,10,Normal
1.97160107928808,1.44635365551256e-05,56603068.3850503,0.00472983115255669,0,1.00950461754125,10,Normal
2.0176973719392,1.96467650224525e-05,57387055.4442853,0.00369911174464113,0,1.0074256919536,10,Normal
2.221105738939,3.06582521199844e-05,57876926.0785641,0.00056198216134102,3.14159265358979,1.00112459632576,10,Normal
1.95447557347072,2.31676686155665e-05,57387506.0080921,0.00853247911586199,3.14159265358979,1.01721181770685,10,Normal
1.9538318541189,2.55767244177847e-05,57677679.3822531,0.00497606881168422,3.14159265358979,1.01000190780485,10,Normal
2.1240188979165,1.86820274565678e-05,56557989.6414968,0.00270747063273212,3.14159265358979,1.00542964186135,10,Normal
1.98379775688085,1.69215769588992e-05,57265969.0263816,0.00036859973266707,0,1.00073747129706,10,Normal
1.97194145463156,1.73259496630469e-05,56875782.6976442,0.00206029685771592,0,1.00412910088902,10,Normal
1.97556308425787,2.75533264282867e-05,57692791.2294731,0.00431612487032738,0,1.00866966911514,10,Normal
1.92126820057252,1.25605447396895e-05,57374406.2351346,0.00395840166937507,3.14159265358979,1.00794826576723,10,Normal
1.89165803120348,2.57350707255594e-05,57265960.1748846,0.00708801238553361,0,1.0142772218967,10,Normal
1.99969715301506,2.13338878168277e-05,57093869.6035077,0.00433532631171321,0,1.00870840640685,10,Normal
1.99173974661014,1.97007845683987e-05,56604829.3757505,0.000775480698553857,0,1.00155216507116,10,Normal
2.10048843245194,2.30656426665317e-05,57091633.5773978,0.00220736505555237,0,1.00442449659027,10,Normal
1.94210982712985,1.97691337767122e-05,57549086.8322883,0.000470252526438193,3.14159265358979,1.00094094753583,10,Normal
2.0186091637088,2.64122778160115e-05,57704506.0420973,0.00418663960255159,3.14159265358979,1.0084084824909,10,Normal
2.02758621266673,2.85529298422694e-05,56095411.4102334,0.00131235126601518,3.14159265358979,1.0026281515901,10,Normal
1.89997188232215,1.85733837562714e-05,56737679.0424095,0.00209525875349268,0,1.00419931616093,10,Normal
2.05110724343759,1.2302169514242e-05,56305314.5835631,0.00618756881558041,3.14159265358979,1.01245218639136,10,Normal
1.80144309442159,2.10728752282515e-05,57166634.6972458,0.00283906872677514,3.14159265358979,1.00569430397388,10,Normal
2.13536825915446,2.53342774050345e-05,57946556.4214422,0.00341230166472301,3.14159265358979,1.00684797067117,10,Normal
1.88485931397678,1.6120499697193e-05,56564020.734886,0.00559359444929716,3.14159265358979,1.01125011749336,10,Normal
1.95983974641748,2.18216196226693e-05,57005219.7571597,0.0110656859713727,0,1.02237901105139,10,Normal
1.86757115131435,2.29891914474204e-05,57431452.105955,0.00192098902379962,0,1.00384937265021,10,Normal
2.09643805722644,2.25025943384216e-05,57323064.2531253,0.000105482391179017,3.14159265358979,1.00021098703778,10,Normal
2.02310518342678,1.228731287047e-05,57086759.771399,0.00836923074077483,3.14159265358979,1.01687973185226,10,Normal
1.88216260332658,2.29661767092032e-05,57182180.1321994,0.000182616297336984,3.14159265358979,1.00036529930428,10,Normal
2.07071188216098,2.70536083106181e-05,57014540.2814732,0.0003378676235954,3.14159265358979,1.00067596363342,10,Normal
1.87492186206753,1.43096841691547e-05,56841558.3804382,0.00484257583653509,3.14159265358979,1.00973228098179,10,Normal
2.10190177246899,1.65339158513727e-05,57057990.1976876,0.00120183887983522,3.14159265358979,1.00240657006915,10,Normal
1.91263912527813,2.73658097917266e-05,57141485.7975228,0.000593710599653353,3.14159265358979,1.00118812660266,10,Normal
1.89103322156777,1.5572841159421e-05,57624921.4004466,0.003222864383778,0,1.00646656964455,10,Normal
1.87696611845451,2.2341856701931e-05,57328600.9552924,0.00328911273421959,0,1.00659993339341,10,Normal
1.98730661081482,1.98897410613562e-05,57372836.6969467,0.00511084028341788,3.14159265358979,1.01027419031256,10,Normal
2.02198674069715,1.81066175727409e-05,56687640.4437023,0.000470576142075987,3.14159265358979,1.00094159537647,10,Normal
1.89724065895927,2.50953778368675e-05,56937007.8382251,0.00336234994393839,0,1.00674738696406,10,Normal
2.10718666522866,1.9068741626023e-05,55925974.6168254,4.83628236973826e-05,0,1.00009673032555,10,Normal
1.98514603689707,2.0249091678256e-05,56491523.4658152,0.00570924064977103,0,1.01148404648456,10,Normal
2.0077896356021,1.74124973874816e-05,57549548.0602714,0.00298456993683471,0,1.00598700851931,10,Normal
1.98213047202298,2.06962545451579e-05,57567834.6448472,0.0059218751754827,3.14159265358979,1.01191430538023,10,Normal
1.96952746068175,1.38939569731546e-05,56604392.4928306,0.0119986163568801,3.14159265358979,1.02428866306368,10,Normal
2.02461675442119,1.86808300326282e-05,56760959.1131554,0.00391671548859318,0,1.00786423294015,10,Normal
1.94679292294397,2.641991101738e-05,57549216.8647853,0.0114014544769693,3.14159265358979,1.02306589369083,10,Normal
1.92031280392795,1.43451688499359e-05,56641541.6568443,0.00152792715335712,0,1.00306053057448,10,Normal
2.04976490761718,2.05262237909542e-05,57111075.1428163,0.0094483250651164,0,1.01907689483386,10,Normal
2.1815765177348,1.70362170585607e-05,57512814.0828118,0.00140943284580361,0,1.00282284430108,10,Normal
1.9711103483755,2.46959735594301e-05,57202574.1818683,0.00186749858515274,3.14159265358979,1.0037419853226,10,Normal
1.88566655924971,1.49763775348752e-05,56408944.6023911,0.00119439127492104,0,1.00239163910272,10,Normal
2.04559318483575,2.50437829460071e-05,56808042.0195591,0.000914639543192047,3.14159265358979,1.00183095374908,10,Normal
1.96064950057509,1.95039057454594e-05,57455140.7668251,0.00101323572643138,0,1.00202852682872,10,Normal
1.70119375692946,1.35524377360082e-05,57085846.088236,0.00774870275008674,0,1.01561842805661,10,Normal
1.84374824557234,1.38532341203173e-05,55856640.9216298,0.00253887300135923,3.14159265358979,1.00509067056878,10,Normal
2.10220829776787,1.58858852854561e-05,57596311.8966154,0.00829977692432491,0,1.01673847949451,10,Normal
2.04389591286446,2.02863049533171e-05,55949972.2950156,0.00408254483086624,0,1.00819856065315,10,Normal
1.84568163611915,1.69780175586776e-05,57082502.0523398,0.003502683519221,3.14159265358979,1.00702999087161,10,Normal
1.93863693934448,2.29027977415801e-05,56397310.7167607,0.00444309682127564,3.14159265358979,1.0089258520675,10,Normal
1.94647544081588,1.89947022556198e-05,57940932.3580272,0.00532737787368029,3.14159265358979,1.01071182166911,10,Normal
2.05324979731511,1.57396222452945e-05,56753039.5783472,0.00255952380688802,3.14159265358979,1.00513218355978,10,Normal
1.8357516038278,2.32694241336793e-05,56646153.3829278,0.00229970037385155,0,1.00461000237188,10,Normal
1.90027361549447,2.22818727644237e-05,56197779.1320489,0.00787653262543654,3.14159265358979,1.01587812985874,10,Normal
2.09955659375585,1.56928984858751e-05,56710717.5939297,0.00243311732893387,3.14159265358979,1.00487810365641,10,Normal
1.84189486511174,1.55657141177155e-05,57580843.7452345,0.00643569437617843,0,1.01295476163898,10,Normal
2.0500581427304,1.19761114020367e-05,57409233.7216539,0.00607375307041871,3.14159265358979,1.01222173795929,10,Normal
1.89723710371354,2.30580649840258e-05,56907535.7500792,0.00350436836322895,0,1.00703338429587,10,Normal
1.8255389819018,2.26157515294187e-05,57467120.4557085,0.00334565358966648,3.14159265358979,1.00671376912511,10,Normal
1.82282588130966,1.94637759628101e-05,57399728.2538226,0.00731885923750895,3.14159265358979,1.01474563973662,10,Normal
2.07665815283397,2.663564869757e-05,57080371.2809773,0.00251190705212463,0,1.0050364652368,10,Normal
2.15492156637229,2.44257664365915e-05,56800607.8919252,0.00347697624426045,0,1.00697821557831,10,Normal
2.19379724325887,2.20196865902942e-05,56981192.5603484,0.00206860601646352,0,1.004145788035,10,Normal
1.94322589339661,2.60345160127934e-05,56860975.0063494,0.00326714525239542,0,1.00655570895819,10,Normal
2.02935677720304,1.52619501535262e-05,57396441.4613527,0.00895851247164804,0,1.01807898576273,10,Normal
1.91851458504116,1.80230280379083e-05,56443354.2285751,0.0035536951942426,3.14159265358979,1.00713273796511,10,Normal
1.9490319918775,1.23551235180489e-05,57211309.9711302,0.0045616502016493,3.14159265358979,1.00916510842198,10,Normal
2.05750405825471,1.63481270541134e-05,56970398.87398,0.00414232508807989,0,1.00831911063686,10,Normal
1.82623580627091,2.03322512152305e-05,57280564.694395,0.00510999353862513,0,1.01027247938051,10,Normal
1.83435822538021,2.26244570004725e-05,56664217.3542207,0.00966239445675806,0,1.01951333444812,10,Normal
1.86499155474077,1.1746690110158e-05,57084030.6218957,0.000729786036819851,3.14159265358979,1.00146063802688,10,Normal
1.9219240049244,1.60299031714639e-05,57118023.1924119,0.00141433125251607,3.14159265358979,1.0028326688371,10,Normal
1.84638699347479,1.95401239795812e-05,57036463.0632104,0.00462523271108677,0,1.00929344979014,10,Normal
2.02988312860186,2.31475296023238e-05,57156788.77061,0.00378120933060731,3.14159265358979,1.00759112228362,10,Normal
1.96970111316101,1.85813604508729e-05,57303023.8382931,0.00703877420364859,0,1.01417733949884,10,Normal
2.20175750603298,2.01221411769954e-05,57525941.7879392,0.0038598953659482,0,1.00774970377759,10,Normal
2.11183132634892,1.13148294616901e-05,56899292.3323289,0.00133540126399838,3.14159265358979,1.00267437389027,10,Normal
1.96037017850006,1.52141291072981e-05,57400457.8146511,0.005010356364481,0,1.01007117289417,10,Normal
1.89244719440351,2.73070612333074e-05,56996888.0797598,0.00272520837913289,0,1.00546531086924,10,Normal
1.9687112860036,2.87737285184351e-05,56622797.2825317,0.0052959079435249,3.14159265358979,1.0106482078154,10,Normal
2.00919967055068,2.42897995351678e-05,56156318.1765728,0.00638720327934747,0,1.01285652378961,10,Normal
1.89575040202814,2.61850034955382e-05,56665752.5500072,8.0635440017613e-05,0,1.00016128388523,10,Normal
2.03161291012447,1.94971878792782e-05,57918671.6815315,0.00437986386761085,0,1.00879826292912,10,Normal
1.9620728372411,2.02458306231706e-05,57211682.2644061,0.00214623203790783,3.14159265358979,1.00430169651469,10,Normal
2.01353604921434,1.98587577766099e-05,57645144.893344,0.00299882898942152,0,1.00601569802848,10,Normal
1.96995433532742,2.26646115750077e-05,57027220.1583958,0.000666457667779316,3.14159265358979,1.00133380425963,10,Normal
1.95713195735939,1.69926902794077e-05,56921024.9446277,0.0143602479685654,3.14159265358979,1.0291389383169,10,Normal
2.27656349657575,1.60308857471114e-05,56709320.3038572,0.00922859598290098,0,1.01862911251876,10,Normal
2.11089758939781,1.83227077685292e-05,56656706.3597433,0.0052871242397003,3.14159265358979,1.01063045300516,10,Normal
1.94213530117099,2.5593281125864e-05,56929166.2251641,0.00518924948934056,3.14159265358979,1.01043263653248,10,Normal
2.12179149929768,1.40695490561576e-05,56456692.9857141,0.00834624089585351,0,1.01683297384642,10,Normal
1.99165369834828,2.15936675125484e-05,56819320.9491463,0.00675063405056457,0,1.01359302967007,10,Normal
2.1174274619341,2.45992884033127e-05,57212824.2710126,0.00112128916517713,0,1.00224509573187,10,Normal
2.0576959990169,1.19222546359884e-05,57488654.6000664,0.000939395912325864,0,1.00188055841354,10,Normal
1.9773389763481,2.15551023280326e-05,57134732.4811858,0.000380300672500621,3.14159265358979,1.00076089071225,10,Normal
1.85076636144145,1.93961282345264e-05,56858904.7833877,0.00357876257435139,3.14159265358979,1.00718323223138,10,Normal
1.90713594932617,3.08026441597472e-05,57209078.8996807,0.0028033519670111,3.14159265358979,1.00562246568426,10,Normal
2.01591396579384,1.64133342070075e-05,57272398.0730212,0.00176894381146448,0,1.00354415703759,10,Normal
2.03668898890198,2.35407549930814e-05,56280051.5954854,0.0069943090614337,0,1.0140871479897,10,Normal
1.94988079266591,3.06434949078524e-05,56689236.8704314,0.00612531798173288,0,1.01232613747499,10,Normal
1.86966511756446,2.58717131597487e-05,57688342.2231112,0.00232291611406945,0,1.00465664923368,10,Normal
2.09385380033608,2.07483650476819e-05,56766824.7522585,0.0110791836500838,3.14159265358979,1.02240661429492,10,Normal
2.08181019563337,1.9969243625061e-05,57202886.5966494,0.000172081112378392,3.14159265358979,1.00034422145877,10,Normal
2.01290440686115,2.26484694273901e-05,57088055.1996746,0.0164331623590579,3.14159265358979,1.03341544617033,10,Normal
1.87559543779677,2.87291663093627e-05,56478542.0654379,0.00030544889209278,0,1.00061108443925,10,Normal
1.91447041287294,2.14641143754391e-05,56566332.4215455,0.00116966463927577,3.14159265358979,1.00234206871351,10,Normal
1.78583379003315,1.62742362575438e-05,56846474.3822651,0.0062326340068943,0,1.01254344672642,10,Normal
2.13174535280245,2.92442098373208e-05,56090507.410267,0.00288266284656098,3.14159265358979,1.00578199323019,10,Normal
1.83179170398947,2.4948373756784e-05,56196719.978358,0.011537653563217,3.14159265358979,1.02334464960614,10,Normal
2.02349579960759,2.30310188176822e-05,57562369.6692045,0.00680979118174713,3.14159265358979,1.0137129647902,10,Normal
1.97013811784181,1.22302964716681e-05,56566300.9693092,0.00590670995787625,0,1.01188361297082,10,Normal
2.01489183949107,2.3551588114678e-05,57048022.3164563,0.00278951638491877,0,1.00559463910729,10,Normal
2.04649643446269,1.80406755312733e-05,56574568.824088,0.00914581538519739,3.14159265358979,1.0184604667916,10,Normal
2.12942320095853,2.25315542850399e-05,57271853.7023368,0.00591745860479223,3.14159265358979,1.01190536672435,10,Normal
1.95404817589293,1.4964397064517e-05,56440531.5173175,0.00209141200854852,0,1.00419159035951,10,Normal
1.91552007542104,2.14363733102777e-05,56926097.7540668,0.00584848495247608,3.14159265358979,1.01176578190337,10,Normal
1.91825420784138,2.86121974557562e-05,57494750.4248535,0.00790672309823781,0,1.01593947521332,10,Normal
2.09063696470722,3.12910722990815e-05,57504243.8118155,0.00181703217610762,0,1.00364067958416,10,Normal
2.14874139804892,1.65982743783639e-05,56526546.2623773,0.00658473263178901,3.14159265358979,1.01325675746706,10,Normal
2.02149988333799,2.75451454061044e-05,57432122.6531387,0.00444508825797002,3.14159265358979,1.0089298705788,10,Normal
2.03586509150332,2.20822744573995e-05,56886856.4805501,0.00811442157797066,0,1.0163616081421,10,Normal
2.05045394786364,2.07833396051129e-05,56967163.7678365,0.00296588017746917,3.14159265358979,1.00594940557901,10,Normal
1.89177980149114,2.18661393563604e-05,56348890.1776624,0.00314897453952435,3.14159265358979,1.00631784380835,10,Normal
2.18831782007776,2.68689338424571e-05,56754812.6138728,0.00334683359508732,0,1.00671614500992,10,Normal
1.97767255805715,1.80216790986299e-05,57576703.5798644,0.0112728315279449,0,1.02280271421158,10,Normal
1.95130616931226,1.54455817367292e-05,56990978.6893623,0.0082069701556344,0,1.01654976372827,10,Normal
2.0053263876186,2.24041493233847e-05,56867167.0819648,0.00323275215874631,0,1.00648647347863,10,Normal
1.88340728325814,2.77316875101166e-05,57065679.4256578,0.00240202801997713,3.14159265358979,1.00481562330206,10,Normal
1.80683673385597,2.63237428617457e-05,57163794.1086953,0.00632177912906119,3.14159265358979,1.01272399655398,10,Normal
2.0461998167676,2.36484098638337e-05,56641650.4031631,0.00366527745136154,0,1.00735752226317,10,Normal
1.93847221511175,1.84663528291831e-05,57093079.0762566,0.00112477458462963,0,1.00225208225414,10,Normal
2.04298141255501,2.42188315062836e-05,56501292.5309507,0.00083129800679096,3.14159265358979,1.00166397927624,10,Normal
1.96634418941269,1.55068105672957e-05,57661899.8575263,0.00503681424269001,0,1.01012462433744,10,Normal
1.94969351298751,2.0807345059012e-05,57233566.6182672,0.00558242245754484,3.14159265358979,1.01122752168428,10,Normal
1.93965819139039,1.38428032353096e-05,57171285.8855363,8.13916735116986e-05,3.14159265358979,1.00016279659731,10,Normal
1.92525070618586,1.68838295087693e-05,56748700.1988359,0.00676108551665712,3.14159265358979,1.01361421792495,10,Normal
2.08597521383871,1.76775600504224e-05,56884578.8166979,0.000522646899559593,3.14159265358979,1.00104584040436,10,Normal
1.92943267202962,1.82840728546348e-05,56726583.8459147,0.0089860924821239,3.14159265358979,1.01813514909116,10,Normal
2.03749042765823,2.26077244161128e-05,56709686.3812612,0.00796689560456004,3.14159265358979,1.01606175352266,10,Normal
1.99348116159191,1.81894920123148e-05,57862894.2025404,0.00857702696447013,3.14159265358979,1.0173024575741,10,Normal
2.09352624240143,1.91227176016653e-05,56227719.1546708,0.00299970153061153,0,1.00601745362608,10,Normal
2.07462704722399,1.57543646189512e-05,56698829.7432966,0.0045999098757688,0,1.00924233365338,10,Normal
2.07015777247998,1.81733045626457e-05,57366908.8036693,0.000894208459904502,0,1.00179001756866,10,Normal
1.9349970078068,1.89769302024763e-05,56884516.0534355,0.00628119358659364,0,1.01264179272055,10,Normal
1.8489742442002,1.27638286294942e-05,57313487.9503793,0.00188243480134682,3.14159265358979,1.00377197009046,10,Normal
1.95630897304936,2.09687229709085e-05,56604488.4398935,0.00153066706210007,3.14159265358979,1.00306602719103,10,Normal
2.04344682397933,2.3026631964135e-05,56971111.6170386,0.00582650482687911,0,1.01172130388744,10,Normal
1.79386012212591,2.24544606119926e-05,56735401.1556868,0.0039622137631883,3.14159265358979,1.00795595070375,10,Normal
1.99792357252955,1.94370313463422e-05,56232904.5129773,0.00993688755307062,0,1.02007324064122,10,Normal
2.01745060183612,1.80636955498725e-05,57668845.475378,0.0155963477646651,3.14159265358979,1.03168689536909,10,Normal
1.94160623104224,3.02564634568707e-05,56540692.5480609,0.0076406348160552,0,1.01539892721149,10,Normal
2.08099372923829,2.0438446567673e-05,57039492.2599475,0.00566008300396375,3.14159265358979,1.01138460381046,10,Normal
1.89982534341622,1.94608987279734e-05,56814776.5959932,0.0022141910229489,0,1.00443820908862,10,Normal
1.89123540702547,9.56296063975821e-06,56889255.8048517,0.000728870755943991,0,1.00145880479204,10,Normal
2.0633325957334,1.875758169943e-05,57429242.7192403,0.0127073153989968,0,1.02574173919689,10,Normal
1.99826144086761,1.89315185602508e-05,56048856.0442571,0.0047255584251198,3.14159265358979,1.00949599070914,10,Normal
2.06470344550023,1.8398261662632e-05,57266096.0959516,0.00102818564762047,0,1.00205848780286,10,Normal
1.98086558730826,2.08727815782335e-05,57386728.309629,0.00321732757837737,0,1.00645542437162,10,Normal
1.96511669219136,2.05045636145152e-05,57146008.3773309,0.000214235259369089,0,1.0004285623319,10,Normal
2.04389366587553,2.14612996752905e-05,57591564.771318,0.00133753684467762,0,1.00267865649111,10,Normal
1.98695874588615,2.43033479709216e-05,55999156.0388372,0.00231049160697252,0,1.00463168468253,10,Normal
2.0139253786522,2.63401956588258e-05,56827515.1104039,0.00166390297099178,3.14159265358979,1.00333335231681,10,Normal
1.96612992261297,2.42616226391325e-05,56577533.2155085,0.00243191617721379,0,1.0048756896229,10,Normal
1.82211590141542,2.71801408354398e-05,57352825.482929,0.00112922689114411,0,1.00226100697216,10,Normal
2.24491022521214,9.28817437202186e-06,58515069.9553543,0.00795192840114681,0,1.01603133684506,10,Normal
1.84495880459594,1.56765658992848e-05,56785108.0233949,0.0119112184871408,3.14159265358979,1.02410961182841,10,Normal
2.17060020276049,7.72067131378516e-06,57303922.6410932,0.00637963227974818,3.14159265358979,1.01284118660809,10,Normal
1.98297844213836,2.09947166977966e-05,56704511.5074655,0.00277087584292472,0,1.00555714985815,10,Normal
1.9543161798949,3.13722849521038e-05,57082284.5617183,0.0052573432643617,0,1.01057025800344,10,Normal
2.02425328221158,1.5325030197627e-05,56956316.6986431,0.000347157377785489,3.14159265358979,1.00069455587577,10,Normal
2.15321419923266,2.5697059970239e-05,58317329.6669069,0.00150259214574586,0,1.00300970665307,10,Normal
2.08321272359306,1.56239701674458e-05,57323259.6891551,0.00208902284267341,3.14159265358979,1.00418679198945,10,Normal
2.1259419365184,2.65233336346634e-05,56855215.482392,0.00566751102860681,3.14159265358979,1.0113996295836,10,Normal
2.06260157085709,1.85355296895568e-05,56831159.8056644,0.000489416380191071,3.14159265358979,1.00097931205174,10,Normal
2.06889811446997,1.63023390401179e-05,56315574.3179753,0.00155438050739466,3.14159265358979,1.00311360073508,10,Normal
2.22520151258579,1.97521941616415e-05,56615142.9845341,0.000946850474168092,0,1.00189549569934,10,Normal
1.8733282455474,1.61662181209255e-05,56819339.7273866,0.0055213008432354,3.14159265358979,1.01110390971253,10,Normal
1.99617823624604,1.60115155026013e-05,57661381.7261969,0.00527714771172601,0,1.01061028747774,10,Normal
1.89390166835533,1.48810760395265e-05,57099037.4651442,0.00705476810427708,0,1.01420978293195,10,Normal
1.94773984222198,2.48389411269142e-05,57075425.737792,0.00100846399562289,0,1.00201896404379,10,Normal
2.06970773038854,2.06583326156512e-05,56592311.2563777,0.000416588364138031,0,1.00083352396466,10,Normal
2.33260864381362,1.86311390067615e-05,57494955.7032826,0.00265023588964481,3.14159265358979,1.00531455660795,10,Normal
1.89531775626317,2.21556679955042e-05,57358889.5929731,0.00538215001970242,0,1.01082254861967,10,Normal
2.02031336171213,2.29561816542209e-05,56077193.6538064,0.00210181301199672,0,1.00421247986899,10,Normal
1.11932426205756,3.12886741620212e-06,144837.371391919,0.999906330260525,0,100,5.00624268070418,Open
0.884768378374156,1.10498274374865e-06,68958.9053124578,0.999901496653497,-0.177321612015192,100,7.94515544490749,Open
0.68814915082495,1.9609806567084e-06,20142.7703393682,0.999890370410051,0,100,7.07086477266698,Open
1.05815812751918,1.0315701492139e-06,62094.2884782235,0.999898051486596,-0.0104517784230806,100,0.502260114639738,Open
1.03647081234136,1.88077078302815e-06,108739.579628694,0.999899570230646,0,100,0.729018353679035,Open
1.09692039048409,1.02445710681219e-06,167078.241191783,0.999893806375314,0,100,4.02873282632637,Open
0.832595743539714,1.06345328818909e-06,63420.9697147288,0.99991413411764,0,100,2.95290494047943,Open
0.626050963607519,2.23811945935948e-06,191570.887978758,0.999906759709643,0,100,2.32384323056048,Open
1.24564547941872,1.22284307356696e-06,84733.8359482632,0.999902474367843,0,100,2.81004498908714,Open
0.835322949522797,2.551303523066e-06,96328.5884110012,0.999898199565309,0,100,8.03482743296885,Open
1.10241787335426,1.15368115251398e-06,159513.861603681,0.999897345850598,0,100,9.29228053631854,Open
1.15389937854113,1.65654960310162e-06,85977.0919404083,0.999905768460246,0,100,4.05102694527566,Open
1.07428770876191,1.12831387561347e-06,98310.3698523984,0.99990106214376,0,100,9.06111002132497,Open
0.881525348737113,1.82017586910412e-06,14338.2516749984,0.999877165204889,0,100,3.21495701247882,Open
0.89963883454637,2.89248601583562e-06,8883.85516532091,0.999900202971488,-0.0209029913991277,100,4.76436986343792,Open
1.00840892310128,2.49313682925508e-06,44842.9861672855,0.999907349237248,0,100,2.26028997816,Open
1.14365690118908,2.99697217669483e-06,28785.8782958479,0.99989737151269,0,100,6.40476042175844,Open
0.771758042519555,2.00969741476693e-06,127634.458958535,0.999876211866869,0,100,9.78981115174809,Open
0.759877483368918,1.27065630283171e-06,86295.243610693,0.999908084604476,0,100,6.03493096043379,Open
1.1827300263994,1.2478665143504e-06,109490.809587796,0.999891871146278,0,100,3.57814084113549,Open
1.25855053938334,1.04940463327771e-06,50267.618806361,0.999886928160667,0,100,6.47817445990528,Open
1.04384124095085,1.39785943874187e-06,63593.5873738446,0.999887838557553,0,100,1.22920678465388,Open
1.06197339400649,2.63608173939852e-06,135676.407579776,0.999892507641093,-0.0120968035063438,100,8.88659080265399,Open
1.10625247064213,1.28232392934546e-06,163325.343671275,0.999909505386941,0,100,5.03083950779836,Open
1.04211857282467,1.51315811600303e-06,2093.29567703253,0.999900163073163,0,100,4.49349742039642,Open
0.935010620972556,1.3733160485746e-06,166468.6633493,0.999894824460859,-0.0195001869838514,100,5.85864788453519,Open
0.740092641718328,1.60593393692157e-06,107132.350512759,0.999912154151089,-0.0824077354212635,100,6.24783862789402,Open
1.08975695705992,1.32948187399352e-06,102963.53087218,0.999906525406765,0,100,0.71775806226513,Open
0.84092711254239,1.58395600378979e-06,100036.220036717,0.999907611682705,0,100,6.82617221223402,Open
0.945624196172877,2.02900340449889e-06,30342.7384283512,0.999882938272217,0,100,2.4193168031553,Open
1.19087430341275,1.85613654167281e-06,6815.5501950951,0.999898374149458,0,100,7.1395263250659,Open
0.920387782001833,1.87602439006605e-06,108421.665791982,0.999916489134559,0,100,8.22534794384197,Open
1.23840145085836,2.64814639076624e-06,65713.5648789189,0.999908189013618,0,100,8.0395850755252,Open
0.749930392223103,1.73907809878881e-06,198140.081971785,0.99988176244149,0,100,5.52500967407889,Open
1.07085932773956,2.42996202041254e-06,91669.2298706374,0.999893038143854,0,100,5.20169892310751,Open
1.35223297119806,2.54664990927725e-06,17087.6227929083,0.999899083154438,0,100,1.42875961339412,Open
0.755507812493288,1.18821756060669e-06,174062.499242916,0.999908686797845,-0.000723703333986852,100,7.75346150403136,Open
0.603423896676446,2.5165478784079e-06,59080.6928489992,0.999901042257084,0,100,2.71409380446714,Open
0.967086346050115,1.27688248147622e-06,105383.625650797,0.999899910603405,0,100,4.96695422817947,Open
0.599272465614349,2.62721715933682e-06,172291.122758734,0.999888373580269,0,100,2.84274092927517,Open
1.07086030957908,1.65672090332389e-06,169317.430356887,0.99990436661159,0,100,1.33828362999693,Open
1.36110861054243,2.04031756480693e-06,135184.695064373,0.999908064847435,0,100,6.29557696891737,Open
0.937927796138738,1.22488629187643e-06,140071.155538798,0.999898209986918,0,100,0.543320348229038,Open
0.786531545292521,2.15051579123901e-06,131373.801844148,0.99990733222402,0,100,7.486452341262,Open
0.959000620389998,1.74544857307341e-06,174963.531628806,0.999908466437097,0.0250767874791481,100,3.17586795261117,Open
1.12821554391691,3.24118141637512e-06,77468.3381480955,0.999893905304504,0,100,0.0013469300448532,Open
0.240240222169033,1.16019922065109e-06,1,0.999900353252039,0,100,5.1112913923723,Open
1.1021103245637,1.61687038629928e-06,25717.5166519698,0.999894177531306,0,100,0.468519085276031,Open
0.801918634403707,1.88834437414006e-06,120049.652414617,0.9999106984173,0,100,2.76169557820899,Open
1.08658795949944,2.17925282236612e-06,111158.973179745,0.999901754270546,0.0140775996546214,100,7.06976487455716,Open
0.702128551811197,1.8488383720075e-06,113469.656436306,0.999903161768273,-0.00565233580125844,100,0.626896216218659,Open
0.733943666316945,1.96362324598931e-06,73434.4267113653,0.999909686701789,0,100,8.39338492356002,Open
1.0882701283254,1.351760192269e-06,55351.8655532671,0.999897890922471,0,100,0.0381992265858311,Open
1.2453152944692,1.33802485930369e-06,137502.518800759,0.999917154235339,-0.0315741482184298,100,2.46823869201902,Open
0.905191282238945,1.53354092071619e-06,104721.78321377,0.999901035394879,-0.0128298697712907,100,7.40904056152071,Open
0.953346685203748,1.78332249478559e-06,86875.0251504352,0.999889012364705,0,100,3.16270149729307,Open
0.93694718070251,1.135998742231e-06,19597.8059010278,0.999906037142016,0,100,1.01892388066014,Open
0.740588835500136,1.29853028582911e-06,1,0.999905164938335,0,100,3.60233918800428,Open
0.77482376809305,1.9611809088988e-06,148666.177188852,0.999893167310542,0,100,2.70393286384526,Open
0.976878942624839,1.02977933699671e-06,164238.355740282,0.999908503882833,0,100,8.42711902160555,Open
1.09635542267722,3.34850238760633e-06,118350.004581685,0.999916846858401,0,100,3.13347917585143,Open
1.07299979074064,3.53974205607744e-06,1804.33998484755,0.999895644990346,0,100,7.88932471776007,Open
1.11823658984103,1.72536329027223e-06,82296.5668642527,0.999913031204845,0,100,8.91872144810735,Open
0.778741053253013,2.54015754031267e-06,126760.242321267,0.999885930532001,-0.0249949024138881,100,4.3381741957653,Open
1.22622578120722,2.11236522561465e-06,133302.197889334,0.999896874255168,0,100,9.09943143854392,Open
1.33073702539306,2.3908396145279e-06,5465.20534684115,0.999891007963824,0.086837772675247,100,3.77318053963193,Open
1.16362852357978,1.01827565007732e-06,76602.1827122354,0.999913553696227,0,100,9.64078416490108,Open
1.19748104901969,1.14042358806685e-06,78329.9769372874,0.999906425056731,0,100,0.892895245255729,Open
1.20107968545166,2.00037977976948e-06,64081.6826599394,0.999890745522731,0,100,6.87019266503243,Open
1.03759857959067,2.20689209867685e-06,108866.858800252,0.999897364276667,0,100,4.93814040456929,Open
0.836839603807803,1.0523166924588e-06,186950.186030205,0.999906431471336,0,100,3.87648805455647,Open
1.07299234532358,1.21880397147389e-06,201751.803839328,0.999875819301722,0.0583234314698378,100,6.32711878748601,Open
1.10721194044278,1.37369000924976e-06,116512.134887891,0.999905867366203,0,100,7.03857091634331,Open
1.31597758620369,1.39557254880062e-06,102359.515046086,0.999910867965365,0,100,0.0436326965030909,Open
1.01008951508438,1.97927457190288e-06,9172.87627066411,0.999900132397192,0,100,1.66953088747199,Open
0.640370809965068,2.22629365693838e-06,106552.96520891,0.999924374192792,0,100,7.13046050634319,Open
0.927077695976906,2.93802761920228e-06,77843.4436180035,0.999897449653965,0,100,6.66385413578206,Open
1.17020723298882,1.33535548528448e-06,136953.938128623,0.999907397201743,0,100,9.66047505128677,Open
1.07282258184095,1.57674452673109e-06,88309.6389138364,0.999906213695231,0,100,7.61037790250783,Open
1.01920676214867,1.02239515342552e-06,65004.3758731673,0.999903216385477,0,100,9.50772707731338,Open
0.781221046368127,1.42690185919625e-06,39181.4568790591,0.999864640989136,0,100,7.02540501534807,Open
0.863735392110873,2.2165377243434e-06,84012.7379735576,0.999919387555421,0,100,2.98052208639443,Open
1.3719364157435,1.04125634965442e-06,71738.4430132676,0.999897290562147,0,100,1.05364922250856,Open
1.03392006466227,1.00210357864849e-06,27386.6266217943,0.999893956016957,0.0103956947853017,100,7.81823863344936,Open
1.24416669725856,2.59117943861306e-06,253408.02572895,0.999877476841843,0,100,6.44149221475916,Open
0.974657622832915,2.07396498310741e-06,92317.9080031508,0.999900878476037,0,100,0.481860123932962,Open
1.12481555227117,1.2378229930583e-06,102312.125418738,0.999900271377157,0,100,3.60050465900978,Open
0.81967750256512,1.32843021233984e-06,124161.750585757,0.999908891636089,0,100,9.56799815484286,Open
1.18570676561694,3.65290483097632e-06,222710.288742737,0.999907373565214,0,100,5.00401145710201,Open
0.955537300331694,2.45574135829347e-06,112197.763794086,0.999887365497356,0.0119528839971025,100,4.32729136019705,Open
0.963300973897971,2.93344549161752e-06,138280.064507865,0.999912496780305,0,100,4.57699605159294,Open
1.05215954855196,1.10549387478732e-06,74130.5648730517,0.99989145866693,0,100,2.08882724005164,Open
1.36886429364201,1.66130038297934e-06,76202.3781205005,0.999907817078981,0,100,3.68707170864795,Open
0.755652631854581,2.33439716931618e-06,85193.4229372552,0.999914285169775,0,100,3.69813255987177,Open
1.20031827327867,1.93585598782122e-06,140573.142657693,0.999900648062866,0,100,0.523550201874724,Open
0.824465139040402,3.01161890418877e-06,131020.810116242,0.999907954759509,-0.0162781719511617,100,7.67567628517918,Open
0.961480270278435,1.21203654781288e-06,64843.1649112257,0.99988594492277,0,100,4.16504431903879,Open
0.808142543477826,2.15304301940435e-06,52055.8061134171,0.999898535602668,-0.0119677572379906,100,8.22179886816423,Open
0.864500689201087,2.2480055548682e-06,126575.11609615,0.999910457258025,0,100,8.50348001119895,Open
1.00145353726182,1.41826131616946e-06,31386.8033225525,0.999899002756199,0.0519006112770913,100,2.11994054698658,Open
0.73581638620621,1.60485497464046e-06,106391.697775369,0.999896742700685,0,100,6.57353482170129,Open
0.998263867581155,1.13313428834346e-06,132240.186083764,0.999899748354963,0,100,4.72281804162982,Open
1.17413585941332,1.83242524324107e-06,122286.694525949,0.999913745558243,0,100,8.80156737921485,Open
0.817757732483179,2.35926241881319e-06,154919.679499986,0.999894500692009,0,100,2.15740679176454,Open
1.20574721524401,1.55605366711895e-06,152739.521394946,0.999892359612873,0,100,6.77813200310044,Open
0.98786927389318,1.86212536045647e-06,99985.0141252032,0.999903259298097,0,100,6.07752122252723,Open
1.08572014647778,1.82948890758084e-06,116978.280822815,0.999904520562553,0,100,2.95301477571833,Open
0.747470016054425,1.2972848782514e-06,125067.675169212,0.999881418345361,0,100,1.36600903651173,Open
0.89194067883642,3.27985965306183e-06,41651.8046818044,0.999892143494505,0,100,6.51639760477277,Open
0.786853345683413,1.29456801021076e-06,1650.31259187851,0.999877882348869,0,100,7.38597458132331,Open
0.635085946882543,2.06295141492152e-06,74055.1886722109,0.99989350444838,0,100,3.1562734376335,Open
0.652835256636972,2.9481068955296e-06,91330.8525051178,0.999899023675404,0.0381851917582907,100,6.44832604022314,Open
1.13306459824675,1.92902643485518e-06,125120.204372547,0.999908000924326,0,100,3.95130907611503,Open
1.29962606794413,1.03588875134213e-06,137303.868774813,0.999904142258194,0,100,7.13206883282618,Open
1.280867736948,1.63952672577518e-06,68087.7070706787,0.999903895639596,0,100,1.99215274894053,Open
1.1072216195422,1.74418981030158e-06,38904.5742337599,0.999893736298601,0,100,8.90215002636174,Open
0.660651637571679,1.36435918922397e-06,173373.59004746,0.999912950034361,-0.00463568244422145,100,2.8740959646558,Open
0.971688926481816,2.17724037206633e-06,54464.778200542,0.99989867562745,-0.0765273372216016,100,3.67785987756153,Open
0.799679740275935,2.0919546621233e-06,97440.1678413677,0.999909625039954,0,100,0.580919520803498,Open
0.855855159810197,1.18436990053547e-06,109879.029412489,0.999901295726077,0,100,1.11512212321276,Open
1.00979331505162,2.55229597860727e-06,108619.945749182,0.99988235497095,0,100,5.15861902712328,Open
1.01579923527066,1.80195052529874e-06,24877.1241562899,0.999902688317137,0.0183064369874833,100,2.67592676727971,Open
0.884568019633303,1.40627918485307e-06,1,0.999895554939617,0,100,8.35480225742194,Open
0.959776352817376,1.35235563950049e-06,1,0.999900800646306,0,100,0.146933886549538,Open
1.31485392330381,1.43170264157876e-06,112793.933696913,0.999893586095242,0,100,3.79094048671936,Open
1.25866407154696,2.22115000185178e-06,102930.410625599,0.999911482053934,0.0222826287005082,100,3.37345546769093,Open
0.920424366349998,2.535696374268e-06,84434.0404113277,0.999876823515944,0.0590375586570995,100,0.19327630917601,Open
1.3622970685825,2.19222349557955e-06,116299.634140293,0.999904353524914,0.041403457395963,100,1.2436839900051,Open
1.38471586177967,1.61201069758567e-06,185794.562610623,0.999896874113799,0,100,4.13642674918635,Open
0.876885708707142,2.14340225396005e-06,27741.9010984466,0.999903497067386,0.0462852109804911,100,4.92864584447447,Open
0.923099631387731,1.55011656230783e-06,99786.7828417547,0.999908419143022,0,100,4.04289747254869,Open
1.00256954581862,2.35419664516901e-06,125891.012102302,0.999900266252916,0,100,5.30937678412094,Open
1.1880848577431,2.8316074071622e-06,57467.9718356855,0.999894672163269,0,100,5.95131674905682,Open
1.1844062597983,1.69898945184292e-06,64966.7360691944,0.999896057652204,0,100,0.0992382112783563,Open
0.59778681580963,1.52517912857581e-06,110238.493647511,0.999876141398157,0,100,4.64095159453504,Open
0.970489460537396,1.35035917625975e-06,225265.622594207,0.999894280424639,0,100,9.63499240887588,Open
1.04797802984615,3.10264891497541e-06,150135.136237669,0.999905924196026,0,100,5.19032280129549,Open
1.00160382293161,1.43440101881373e-06,107100.893801935,0.99991815614509,0,100,6.77542267458953,Open
0.806982048258428,1.27949588335252e-06,157006.348882764,0.999907337652002,0,100,3.11863857916883,Open
1.3078767921199,2.02580414796248e-06,90702.923749878,0.999910388884798,0,100,7.73991378152763,Open
1.17288708828995,1.26437422763588e-06,135935.235139541,0.999903522761348,0.00447089293634842,100,7.72921481876115,Open
1.17208797860245,1.34669284786571e-06,86774.4382019346,0.99990765736363,0,100,5.21296047654139,Open
1.21162551367391,2.08040571292889e-06,40481.4637743918,0.999890476776038,0,100,9.76013823279214,Open
1.13852396775561,2.0777973321594e-06,142030.145865619,0.999916328979929,0,100,1.25550214762653,Open
0.990878640819648,3.89183031528841e-06,107111.816420704,0.999900734539546,0,100,0.16947664889581,Open
1.05231378326357,2.71758530026262e-06,60966.2090217223,0.999888294225958,0,100,7.70158211757096,Open
0.80056949482941,1.37089244693533e-06,165402.103342208,0.999898572239972,0,100,8.07155537364883,Open
1.09638875246324,1.85310940836654e-06,4708.71703964077,0.999899158930952,0,100,1.20207229120576,Open
0.748214693943813,1.81302981142836e-06,51490.9258891043,0.999908869107038,0,100,2.65582832958606,Open
1.10402062433586,1.88140981212295e-06,1,0.999900777517743,0,100,0.175523633666289,Open
0.835400664918668,2.30603170214992e-06,160225.501047471,0.999896571960123,0,100,2.93308610780565,Open
0.783616448824309,1.21711665573569e-06,124195.450763007,0.999917127039423,0,100,7.73141873918672,Open
0.731258144255536,1.88525466740611e-06,49766.516319738,0.999886768238636,0,100,5.17960527712579,Open
1.19842281932675,2.35544587919733e-06,131073.580275422,0.999899368428642,0,100,3.48095593168288,Open
1.00706687576973,1.27378453588302e-06,72105.8198624559,0.999885283822797,-0.0266204694982475,100,3.7173929490633,Open
0.78182125166746,1.00297142204163e-06,147921.327409596,0.99990218093074,0,100,0.0135362571546815,Open
0.787915016138342,1.14499973092928e-06,94482.948734033,0.999919942796718,0,100,2.99800527565236,Open
0.731787420198509,1.03671042897161e-06,88474.5679475936,0.999896194036974,0,100,6.46458741637931,Open
0.734055074175988,1.81930732452786e-06,170627.117085098,0.999912191197058,0.0100677399447042,100,9.74194443816357,Open
1.37939111112579,1.90774141671219e-06,46825.4628094779,0.999885309249712,0,100,8.47060826983899,Open
0.914757588567075,1.57890293794531e-06,53502.3439390576,0.999915518421736,0,100,0.235949646455291,Open
0.89600605561416,1.14855430786481e-06,114212.379983799,0.999908887885273,0,100,8.98560604674839,Open
0.733490878521544,1.95677114095151e-06,159753.358926613,0.999912173328605,0,100,7.83198413298626,Open
0.909566783330803,1.51034682060781e-06,73121.6276384675,0.999854905329613,0,100,7.8037612357098,Open
1.00789885326819,2.419390895145e-06,35120.3873761708,0.999914022293113,0,100,4.57995759003571,Open
1.05220202759863,2.87862180818681e-06,88947.9325304324,0.999906946733048,0,100,3.98005292954503,Open
0.905504264555473,2.45439792275659e-06,100550.285792532,0.9998925855659,0,100,3.02915728833193,Open
0.807413339333897,2.36083583480927e-06,78631.0920377692,0.999909522760394,0,100,0.656948589543658,Open
0.950620053065719,1.35847859780656e-06,124274.107123871,0.999891551338886,0,100,2.28235363493699,Open
0.86681885574204,1.34699931333858e-06,60301.8854623247,0.999909787205136,0,100,2.46603634978025,Open
0.772758586524057,1.45634760815644e-06,76211.269046493,0.999891286741925,0,100,4.84077069710202,Open
1.30660530204948,1.99499297158267e-06,44019.8526746404,0.999903215432092,0,100,7.47444406596694,Open
1.15445842180145,2.61749443162113e-06,227256.214700203,0.999900539958145,0,100,4.73809828397947,Open
1.03172475298359,1.96816526368778e-06,98166.6913425831,0.999890015640614,0,100,0.578444494471606,Open
0.931438090838644,1.4430168944227e-06,127890.676909762,0.999896988277125,0,100,9.57789800988204,Open
0.931907549581436,1.29904630444783e-06,91490.6314095147,0.999880695793874,0.0614387403356179,100,9.42724319094112,Open
1.03059813614849,1.65519047242937e-06,120173.824460285,0.999899274095557,0,100,7.85189543148408,Open
1.10903612988838,2.22528337675625e-06,35915.1037295777,0.999890254984512,0,100,9.91327901564221,Open
1.16455374134385,2.72360053370423e-06,143745.901654992,0.999901339749387,0,100,5.44482332800263,Open
0.867194614796009,1.54455865142752e-06,187620.905195326,0.999895555443793,-0.000930631934266594,100,9.62768350253206,Open
1.00005587674838,1.32947476114112e-06,112707.378523463,0.999891400153013,0,100,0.756050406167508,Open
0.943031363970282,2.47169345452533e-06,145236.446924542,0.999907712500627,0,100,3.65680748261371,Open
1.24809645764992,1.71845044039136e-06,66465.5529048236,0.999893798601007,0.00230809992357618,100,2.25381268006766,Open
1.02299927876149,1.71184780466454e-06,97457.9201130993,0.999916270868443,-0.0115031009751968,100,1.9583308413427,Open
1.03589675916043,1.05057504417022e-06,116117.04111415,0.999914523553834,0,100,1.40802948892676,Open
0.70598234557372,1.79655385350204e-06,106484.733150699,0.999904017795439,0,100,6.22413641565997,Open
1.06458986849501,1.0405388926518e-06,76539.7943174062,0.999902311350707,0,100,7.81321855747305,Open
0.589563785809015,1.34561828976395e-06,80730.012631433,0.9999213021098,0,100,5.78298399420361,Open
0.906588270326783,1.38223438832094e-06,65708.9272070725,0.999887479136423,-0.0423951253909636,100,1.4696270958821,Open
0.550282418713118,1.23504784889524e-06,79842.2537919398,0.999884470979244,0,100,8.11123769933471,Open
1.1200502922063,2.13313017288387e-06,82124.0687354346,0.999886579874825,-0.0165694795327616,100,6.35954707163728,Open
0.905539008383665,2.03333610971033e-06,141107.161325511,0.999906447220206,0,100,3.88165706126996,Open
0.910729150023521,1.12017588022646e-06,44352.7998098804,0.999884847260892,0,100,6.74130295536063,Open
1.29597627498488,1.45660862291886e-06,54309.7243586261,0.999901846514955,0,100,2.59904979242833,Open
0.753589134034881,1.32302020595558e-06,102875.695431473,0.999917461172049,0,100,3.45192208494211,Open
1.00881309285116,1.17480662411404e-06,112447.754824478,0.999910604697081,0,100,9.1748584313199,Open
0.932401975425287,1.53344507546297e-06,128282.999380583,0.999900783843985,0,100,2.9050450567142,Open
0.66477734910301,1.67548272352478e-06,106188.776022313,0.999889348940472,0,100,4.69988268157937,Open
1.27378693515582,2.53797612755795e-06,82833.8805855182,0.999906468996786,0,100,8.90141137396015,Open
0.679022357088485,1.20997157867077e-06,135848.401011273,0.999902929128822,0,100,7.07721350267527,Open
0.985778112883751,1.60285808505899e-06,106404.26309912,0.999881820022048,0,100,0.622032261647028,Open
1.05928815960574,2.10570078342148e-06,21322.345625366,0.999885249639121,0,100,1.4730304427897,Open
1.05357152146607,1.33070970652599e-06,111212.025377527,0.999904010876007,0,100,0.0784159077191682,Open
1.14676420394235,1.95642024171668e-06,136012.624055209,0.99990746028921,0,100,6.30921790229163,Open
0.760509301043167,1.69779108494869e-06,90200.9348661411,0.999904089588578,0,100,4.47673425410418,Open
0.610118336748902,1.72555602867857e-06,50893.7759964103,0.999917804327222,0,100,1.34274850902276,Open
1.17081504481263,2.26621019350389e-06,41578.6842028933,0.999900666056484,0,100,9.5793412105677,Open
1.02902567446761,1.60160364037176e-06,17015.3545389977,0.999900664504331,-0.054370233670344,100,5.2965972394562,Open
1.19916910286448,1.10572008086765e-06,91121.594381257,0.999899002752681,0.0207766060993028,100,2.41893294112889,Open
1.30798558419837,1.09367374527597e-06,116710.942509228,0.999889624219264,0,100,5.00603571154708,Open
1.13888126027746,1.56231806749992e-06,33607.1525049676,0.999898038250622,0,100,6.79620332735108,Open
0.995024268779199,2.62263208848966e-06,153849.995985548,0.99990452231994,0,100,0.762392179735645,Open
0.922212632759496,1.59947851561699e-06,137966.701820475,0.999902521221943,0,100,2.74703815047892,Open
1.18623266006654,3.15827503995373e-06,113358.51791864,0.99990679289634,0.0625267775369434,100,8.06965490883994,Open
0.969690638185567,1.40095536239128e-06,132950.828968216,0.999898933330023,0,100,4.59664870402661,Open
0.718460661932551,1.91703654599311e-06,48861.7359793408,0.99990564486318,0,100,5.46577142032295,Open
1.19514251704551,2.63322017904752e-06,95056.2875159927,0.99990365142742,0,100,4.32816002209469,Open
1.23080626918514,1.75112711303663e-06,133688.602664209,0.999903753922523,-0.045454986999692,100,0.438999426430051,Open
0.994944828430356,1.06785141840807e-06,142736.815869795,0.999906773762084,0,100,1.65749779820156,Open
0.765610554628892,2.90095026836928e-06,134134.464461065,0.999889116358803,0,100,4.45541638741891,Open
0.91892183953518,2.3979871750734e-06,77996.9416248821,0.999900213354423,0,100,2.09185465407928,Open
1.04554538081236,1.2753929683877e-06,182447.805949297,0.999890790921739,0,100,0.499790286596787,Open
1.18555233777149,1.67023983579225e-06,53719.761595026,0.999894846409143,0,100,8.43649664051824,Open
0.879103854550157,1.9608815589182e-06,224553.542117439,0.999899252612984,0,100,9.81192529164116,Open
0.904881130221328,1.89743114589913e-06,158344.688454704,0.99990331806117,0,100,7.93142873996739,Open
1.22664629565986,3.07458420114806e-06,56278.6671603877,0.999909320569854,0,100,8.53784921704667,Open
0.957440183518932,1.24485856093145e-06,138294.437253568,0.999902925939969,0,100,2.41977130317045,Open
1.03368328724596,2.98569761464256e-06,393.883718849916,0.999913580584076,0,100,9.606269755132,Open
1.43265910851058,1.14868810250333e-06,85925.8714190929,0.999900146761819,0,100,1.96925704453428,Open
0.719540183630844,1.26631484451608e-06,102292.327097703,0.99990357639752,0,100,9.51429810361832,Open
1.19130501717487,1.72297420901616e-06,129468.998427264,0.999873025992802,0,100,9.94819293965951,Open
0.752200551042038,1.4147067611724e-06,114636.049066311,0.999898936504383,0,100,7.11722805746049,Open
0.922165315420085,1.60794669417218e-06,98330.2645168452,0.999899047326727,0.0323715113428979,100,9.81143731791822,Open
1.41917636002645,1.08709037649309e-06,165775.698565719,0.999869859718816,0,100,5.69539779567104,Open
0.971633926146525,2.88660608794952e-06,179022.34480283,0.999891565412654,0,100,2.5954178317609,Open
0.896425015655235,1.38155966064883e-06,39476.4511798069,0.999892890615283,0,100,4.36995885665621,Open
0.926017299653251,1.42696011396427e-06,215599.701019706,0.99991206677718,0,100,5.93560935378786,Open
0.881602762081602,1.29415580812195e-06,84474.9337943991,0.999894695648306,0,100,0.73081562027015,Open
0.911701642981673,1.70214936890651e-06,133271.442512548,0.999899368364736,0.060151728847034,100,6.22343264617246,Open
0.667389861997105,2.30484324787488e-06,63541.2614821187,0.999890061802701,0,100,9.81177836762295,Open
0.931102261449026,1.44112905123425e-06,52919.0550829456,0.999903112929506,0,100,1.90107649783728,Open
0.981205417743463,1.11295735633831e-06,89539.9675677693,0.999892988795348,0,100,7.92595116288383,Open
1.05054706027723,1.64001098957739e-06,106674.321503148,0.99988892250427,0.056666315482186,100,9.07898793779619,Open
1.08024539894057,1.25013785927886e-06,90429.3725405891,0.999900533714542,-0.0200556318562455,100,9.43701592820221,Open
1.22181626392493,1.36753282853985e-06,62826.0179739924,0.999870159991385,-0.0523568778899854,100,9.60135604405447,Open
0.737643559930207,1.56309232574231e-06,109734.810264453,0.999893897451228,0.0146909326972983,100,5.21459638721472,Open
0.746197102628241,1.52426058101206e-06,159071.93403284,0.999872959857511,0.0270997372655857,100,9.77307907991504,Open
1.14776655722243,2.87690726326342e-06,76233.3412935354,0.999889985995987,0,100,7.57310207134439,Open
0.991542346513933,1.08617066500138e-06,28230.0573292954,0.999895015778637,0,100,1.61671436236962,Open
0.648482782913372,1.09180656135274e-06,87024.5630302614,0.999907992052754,0,100,4.7690010646797,Open
1.09123349787796,2.12682201549047e-06,55054.9995452585,0.999901474401366,0,100,7.18331175372004,Open
1.08420588747792,1.53637250563089e-06,145974.370053006,0.999900348583413,0.0164635612263875,100,2.47340315819083,Open
1.01132266234433,1.2055984115808e-06,132740.359699549,0.999897605783831,0.0106677843652074,100,6.40615183548887,Open
0.708475946642004,2.03250746760707e-06,109905.512550977,0.999909070157907,0,100,6.66600479046619,Open
1.15079008656467,2.33576780340967e-06,77346.5831971377,0.999895232498792,0,100,1.62699743808566,Open
1.05440112841298,1.48779217254746e-06,119810.361850257,0.999889394164458,0,100,5.65085312452756,Open
1.17777448946337,1.09380124528493e-06,105660.328600727,0.999904928011592,0.0324714973735074,100,7.71626910978608,Open
1.12889430081048,1.39787096843646e-06,188195.119180803,0.999885938462912,0,100,4.98895664535942,Open
1.22665438474658,1.35330142527836e-06,119474.226754347,0.999891883885122,0,100,0.121031167761074,Open
1.01479620503222,2.42632794676789e-06,141178.773908142,0.999900252503977,0,100,0.0903846907929218,Open
0.946031222295223,1.59663785919884e-06,103697.308395327,0.999903524491756,0.0798058854164456,100,3.57029343970012,Open
1.06978204583606,1.51522865115115e-06,90588.9458556388,0.999899764117227,0.0205789480166792,100,9.26194068431782,Open
1.09373422280642,1.10888992775497e-06,208360.845625991,0.999902248272856,0,100,2.28676779603609,Open
1.12992720526577,3.52918715108807e-06,103814.172924898,0.999912542958497,0,100,6.34363688871687,Open
0.75727662823894,1.05911352834006e-06,114653.789559458,0.999875664597321,0,100,2.22075870693321,Open
0.844658775029037,1.20223581914464e-06,89514.8953264621,0.999895643449295,0,100,3.21669989659549,Open
1.21148410560905,2.23484019428421e-06,118867.266392192,0.999897080958231,0.0507067946968428,100,8.48042089601484,Open
1.09099071611843,1.54867717565089e-06,103132.966544488,0.999896810566682,0,100,7.28861442269947,Open
1.18260830701847,2.18038400356755e-06,30293.9227069157,0.999895492102366,0,100,0.953992773132106,Open
1.17845784535234,1.3303821568491e-06,1553.91432478502,0.99991313360955,0,100,4.28702020986434,Open
1.05522868667139,1.98688721714738e-06,122166.162634916,0.999904572906472,-0.0375995328263902,100,0.291697636452645,Open
1.12906333306816,1.90676816544449e-06,130634.313927561,0.999903867809561,0,100,4.80890146603009,Open
1.36178125613962,1.17802278531497e-06,105317.046518692,0.999895281921671,0.121529773585272,100,6.62434011701068,Open
1.05077398035922,2.19892229257594e-06,55801.1856884237,0.999911235174388,0,100,1.18502623598152,Open
1.10877842635102,1.47224900091379e-06,121991.407850709,0.999920640223798,0,100,2.88884938909166,Open
0.83453626271669,1.49753540910182e-06,25723.5404295739,0.999911199507539,0,100,3.97836625502157,Open
0.985454193398549,1.61567175087642e-06,97818.0583989686,0.99987873707739,0.0729756958403091,100,9.1953102465605,Open
1.16836704040313,2.52941227527324e-06,70602.7931221488,0.999887779212602,0,100,9.93255015422964,Open
0.877150123302206,1.30983672709536e-06,36373.258227467,0.999894921829275,0,100,0.449112989956159,Open
0.798076923228707,1.19030992518507e-06,67590.7852993575,0.999904742258656,0,100,7.61007923495392,Open
0.927731492621943,1.52900549611901e-06,80545.7782245131,0.999903985372054,0,100,3.71724066402343,Open
0.822445990356436,1.37857802654209e-06,39817.3052084469,0.999883411071289,0,100,3.9245818622948,Open
0.731793546325647,1.77098467399511e-06,76244.0468291163,0.999894733025831,0.0314157365356877,100,7.54264973347023,Open
0.928433269282578,1.32084617360601e-06,103304.867736412,0.999898369978787,0,100,9.18426432145409,Open
1.32158697904828,1.63563200203933e-06,95919.252082401,0.999898035997443,0,100,9.50928594502548,Open
1.00569412232844,2.43586570431962e-06,86635.4550371591,0.9998851167502,0,100,5.77122586038321,Open
0.795449760355524,2.13602804823407e-06,133473.456762225,0.999897300458675,0,100,3.57121159300503,Open
0.714330117796169,1.5905909079986e-06,46982.2454229978,0.999911207320144,0,100,7.87549085858779,Open
1.06702178179772,1.27730506988964e-06,100163.026377831,0.999886638463328,0,100,2.510013832623,Open
0.932435821022904,1.56396405218525e-06,79694.736497117,0.999888468433189,0.0499415944477612,100,5.64074028833518,Open
1.18725181304935,1.36521679900106e-06,30029.6121435716,0.999893753969614,0,100,3.58578461524873,Open
1.18465738637548,1.88991091785819e-06,111643.021152145,0.999910924937044,0,100,6.56631073707876,Open
1.16840075296695,1.24485855442105e-06,124124.140169139,0.999905746743434,0,100,2.40398912893507,Open
0.851799538393234,2.04287825126545e-06,137926.464846777,0.99990606980787,0,100,1.91592945734826,Open
1.1228691670324,1.33456914602003e-06,106471.997220042,0.999892719574188,0,100,9.18239086675437,Open
0.830913510546162,2.66873138361088e-06,136963.938995078,0.999903121064315,0,100,1.01803682949537,Open
1.35577085346526,1.83370326085675e-06,1,0.999882209083995,0,100,5.05957907734932,Open
1.05730969369797,1.1685593547441e-06,15441.9586536524,0.999902301945191,0,100,2.20852782963009,Open
0.888390915854148,2.04143582840723e-06,1,0.999906235409305,0,100,0.389299633256674,Open
0.793914709173474,2.46916976112928e-06,20372.6742243358,0.999901992990393,0,100,0.360188182914264,Open
0.817685808873933,1.08545316166376e-06,106533.478456682,0.999906545415778,0.0617086288226091,100,1.75221772105827,Open
1.08989153811541,1.65815219203487e-06,121174.668320542,0.999907433622638,0,100,8.66770354506,Open
0.794946545089198,1.01445984111e-06,43389.5670260473,0.999882037060386,0,100,2.82478743977027,Open
1.0847605607728,1.52113156548536e-06,175611.316085007,0.999911349759968,-0.00364548827908448,100,9.50459170575296,Open
0.939116193111441,2.11608484534183e-06,149999.879144593,0.999875803757948,0,100,5.81622292989194,Open
1.13562499245598,2.27035431265805e-06,70415.6163018621,0.999902294386753,0,100,4.36614189768766,Open
1.28010025355999,1.45153667892738e-06,1,0.999881199723033,0,100,5.80088834669455,Open
1.16399969979005,2.28092227661639e-06,1,0.999877183360891,0,100,5.16698385226268,Open
1.3364538747054,2.11109176214281e-06,19976.4566213199,0.999897451643745,0,100,7.58776253757325,Open
0.734686039138028,1.33178269423391e-06,22978.5620178583,0.999893695993017,-0.099239790712959,100,2.82496065972852,Open
0.655333371241461,1.30348950979823e-06,103486.219619935,0.99989980492782,0,100,3.53050391600302,Open
1.16120536287061,1.14274248251397e-06,76421.9996780356,0.999902072773023,0,100,8.94094302533251,Open
0.953033918651962,1.6149015030567e-06,91033.4056780183,0.999869694609927,0,100,9.46456513150405,Open
0.971990245482728,1.03550859156315e-06,192739.649941808,0.999880361485789,0,100,8.92558227486474,Open
0.723437309646791,1.74647274143298e-06,136497.149487102,0.999901204265754,0,100,4.19447993957314,Open
0.891749735091735,1.19473032558082e-06,126248.162652495,0.999895132447906,0,100,7.80365503006882,Open
0.739901456165922,1.66726552206766e-06,5052.90346458151,0.999909208541452,0.00631919564561114,100,4.76335733301099,Open
1.37299872893544,2.60688024074809e-06,91309.1157337378,0.999901977847144,0,100,4.97539852146102,Open
0.770564463107032,2.2942483189888e-06,106397.490357612,0.999908524832153,0,100,2.04680109057284,Open
1.04074297545664,1.22355399359795e-06,21191.6057958866,0.999908217517245,0,100,5.91130303258516,Open
0.568854169563231,1.22251290161336e-06,53570.6579828357,0.999898041400218,0,100,1.86135897753348,Open
1.14106527408069,1.74003498712741e-06,117667.698401813,0.999902328696603,0,100,3.31564699067194,Open
0.899871611544098,1.10752863012444e-06,81501.7897785604,0.999892205459775,0,100,8.55030201619935,Open
1.15968603414082,1.50162644722129e-06,98562.8838107583,0.999889981874786,-0.0145326666741316,100,2.07075809210855,Open
1.24258248110472,2.28015368252033e-06,84589.7013072733,0.999908963286808,0,100,0.711582851734328,Open
0.860363000921434,1.71057506519522e-06,19981.4065542663,0.99989886646668,0,100,0.690075926128163,Open
1.22900131121329,1.7545868299243e-06,92797.2048682413,0.999907412970078,0,100,9.40784520503108,Open
1.3663743045423,1.05192102593563e-06,1,0.999908579616549,0,100,5.06920437961835,Open
1.09750190832672,1.03234590669242e-06,77947.3960281545,0.99991073566372,0,100,4.09412071817018,Open
1.27944427596913,1.96208087224817e-06,236038.896509676,0.999914618415625,0,100,8.10878581007918,Open
0.779103032154072,1.15120326765878e-06,116142.185006803,0.999898944293257,0,100,8.35825927910516,Open
1.05915326859656,1.85392209188456e-06,167096.141195978,0.999890225834546,0,100,3.32191033115605,Open
0.484410817843626,2.51638369750343e-06,85156.5538534102,0.999900617848977,0,100,6.93618057473795,Open
0.637805854068912,2.02480931061908e-06,83739.0983373997,0.999896501447265,0,100,7.71122815851887,Open
1.21509555433373,2.92030060394942e-06,75364.7910406665,0.999900980647963,0,100,6.54650686865955,Open
1.22840629234563,2.8284294327852e-06,75773.4206889268,0.999905279057459,0,100,1.51595074800099,Open
1.04098286568028,2.15402646623046e-06,43702.9412219589,0.999905633924679,0,100,8.75883083517057,Open
1.29487343681337,1.22351814366066e-06,130324.61650354,0.999895943625723,0,100,5.39094552736009,Open
0.82764740141765,1.46554162647641e-06,130101.677177549,0.999893417296698,0.016861617718983,100,2.82472426370004,Open
0.779890972976596,1.7210095221907e-06,103723.192159533,0.999897429969879,0,100,4.25228185437694,Open
0.956481547649268,1.76083187094249e-06,96896.7278958226,0.99989577861678,0,100,0.375710903989074,Open
0.565808385693703,1.87628689806811e-06,189289.391726089,0.999913872097553,0,100,1.27866801222418,Open
0.526981955326378,1.75452212125189e-06,38993.8911197089,0.999890593350253,0,100,7.65546750515861,Open
0.870984797884978,1.26625323040795e-06,61189.7667363486,0.99989047184385,0,100,0.000116347553661411,Open
1.15598154858761,1.99379533475442e-06,72884.1518180971,0.999882504783322,0.0046329070997428,100,4.16565828482292,Open
1.00993031604709,1.68408728978208e-06,164893.637289499,0.999903749744036,0,100,5.22510181085588,Open
0.947528274168627,3.06280256417963e-06,161017.53216741,0.999900782389728,0.0457407760327861,100,0.546344200009723,Open
1.07477275863511,4.79234127622184e-06,51081.5945310888,0.999895540167268,0,100,9.73078162972333,Open
0.956223654615852,1.53447977289356e-06,209835.502483636,0.999877633166559,0,100,2.26125331249672,Open
1.09543127747958,1.908911894763e-06,165468.560066544,0.999896816274101,0,100,3.04198719636281,Open
1.12707552210277,1.87281197055442e-06,58098.2794420546,0.999897049138587,0,100,3.03942512255027,Open
0.844263415872373,1.41235480839646e-06,82116.789936303,0.999907531113973,0,100,2.3041666211735,Open
1.20978738452567,1.60375238120445e-06,81869.1692893633,0.999903258951941,0.0052004985718366,100,0.0147382208631142,Open
1.01368214488879,1.77711418780142e-06,183169.951445371,0.999893410046929,0,100,7.29344794087996,Open
1.06929581152334,1.59197768851915e-06,86967.9721431709,0.999889527289008,-0.00903912407011342,100,9.66845499799285,Open
1.06950523697091,1.24061584874274e-06,129526.615323062,0.999913843258389,0,100,2.24293483285045,Open
1.1993666469729,1.3466912169267e-06,63706.3969390848,0.999899290098893,-0.0883944725296622,100,6.63047191803422,Open
1.04686002487261,1.57384154504557e-06,126323.025548834,0.999903380036698,0,100,7.41896326958715,Open
1.02139753707833,2.08766980409599e-06,84089.3409411507,0.999872184959351,0,100,8.48425379090525,Open
1.35164835676262,1.23593950237554e-06,110348.433474721,0.999899699089827,0,100,4.22629197013609,Open
1.20426540812355,2.10931045780889e-06,152427.555161386,0.999857671015237,0,100,3.02930905640429,Open
0.956834081026287,2.56900641004946e-06,120099.947550091,0.999900178902125,0,100,3.25295134023031,Open
1.07165944248587,2.57578895918173e-06,135252.26109117,0.99990734922008,-0.0533771444816663,100,7.12621333098513,Open
0.925514991897643,1.27073749645083e-06,1,0.99989821245362,0,100,8.16779466505636,Open
0.820001415432906,2.74110764473277e-06,147229.232977289,0.999889633591966,0,100,1.81613967756603,Open
1.09223486044131,1.58115698160644e-06,34668.3943650642,0.999867204999895,0,100,3.70941008157765,Open
1.22849477907108,1.29432411027704e-06,87642.3468037444,0.999896780748535,0,100,9.0194019674915,Open
1.22669397675021,1.25666868877316e-06,109047.248179422,0.999889808647774,0,100,8.06693519694739,Open
0.889082303638389,1.46352926709721e-06,82940.7452977479,0.999886868510201,0,100,9.84858402762476,Open
1.0197510092628,1.57153263371464e-06,103255.02997856,0.99990433166762,0,100,7.54248259682081,Open
0.828352942871769,3.14081462077765e-06,131384.049667864,0.999898732338993,0,100,3.93195201027922,Open
1.28572146727971,2.86962248627134e-06,136381.341516352,0.999896314580897,0,100,5.90637833994638,Open
1.29416852266788,2.13655905319856e-06,61997.1627898426,0.999915315852772,0.0939496426475986,100,6.6101425424732,Open
1.14065603586286,1.82066840023924e-06,87678.7621429662,0.999888787583495,0,100,0.784558163171239,Open
1.17956576340703,1.62006746340231e-06,32424.4562135935,0.999910751746534,0,100,5.44496959103865,Open
1.23512042227186,1.85071761350881e-06,174886.202502309,0.999894116279011,0,100,7.0932082847261,Open
1.0577180421197,1.45197462617593e-06,154200.572165362,0.999910072224883,0,100,1.6732130400106,Open
0.501371783208498,1.42698486338987e-06,133969.904763174,0.999907001295614,0,100,7.80631717425557,Open
0.95911352858311,1.92318497776726e-06,167882.407619035,0.999909563651278,0,100,5.83772780514112,Open
1.09091427349277,2.29071138067154e-06,62466.0631739245,0.999906566077926,0,100,9.52221785697595,Open
1.16803275100234,1.04965549221362e-06,82693.8085614927,0.999892097482002,0,100,0.424222982068917,Open
0.95973576550197,1.50082165277702e-06,133659.458969982,0.999907604449866,0,100,2.65326137555467,Open
1.46521056265967,2.87512058150763e-06,96890.8041488308,0.999898915946694,0,100,6.01553879299824,Open
0.763628631463614,1.46470172464234e-06,86163.5033128089,0.999892556268292,0,100,2.96559912205931,Open
1.0000864262284,3.06590712185123e-06,61144.2880515186,0.999892844581344,0,100,7.14424164071242,Open
1.13738206677119,1.70010670063089e-06,112003.906070161,0.999902545445639,0,100,7.59005282521931,Open
1.24314936248349,1.42434053004387e-06,108229.338226082,0.999888415939903,0,100,1.02515964066474,Open
1.03928959200071,2.75728523462144e-06,38301.5516021006,0.999901691311791,0,100,5.13854464206768,Open
0.852714348141632,1.23097549739856e-06,97187.6707244003,0.999900779941278,0.0151321262924185,100,5.08890555591056,Open
0.721429139562914,1.33818864815239e-06,106513.500977997,0.999905434174389,0,100,3.69280770215541,Open
1.11902406356869,1.72093567524348e-06,107384.315428234,0.999913169406473,0,100,9.32924862569672,Open
1.0551215646607,1.69226840410888e-06,80843.229195237,0.999898440157101,0,100,8.27506319873221,Open
0.870294066142161,1.93006609787902e-06,154155.248392894,0.999890312459124,0,100,6.97209381909637,Open
1.04506100508499,1.68272241677298e-06,47252.5608384188,0.999889726829408,0.0156759052693549,100,7.14326635734998,Open
0.969856200222843,1.39150774383625e-06,78299.7790022938,0.999893821303614,0.0415669466738619,100,4.61716143813119,Open
1.09760862038196,1.09843962374228e-06,115897.535764879,0.999884127272873,0,100,9.20994521096576,Open
1.3766259707105,1.6628032900958e-06,112264.612262785,0.999893743991036,0,100,6.94595427253285,Open
0.916497804293581,1.2050466409594e-06,70245.9143333641,0.999894816526364,0,100,7.28981061655816,Open
0.637177140020296,1.61081651663172e-06,139311.00415869,0.999917334395073,0,100,8.61690903787345,Open
1.05176061746222,1.63748824432373e-06,109352.001932265,0.999901837659368,0,100,2.74071589342191,Open
1.04108955652263,1.67545519130907e-06,129480.89058674,0.999897089004064,0,100,8.07070903866703,Open
1.11669157662466,1.61264999595185e-06,136723.98935306,0.999902649849368,0,100,1.95240602956492,Open
1.19765539179288,1.46037583407296e-06,109298.008065443,0.999860694573186,0,100,3.45341952244888,Open
1.22848197271316,1.63474058077176e-06,98304.0718322512,0.999898996941329,0,100,3.35610454269843,Open
1.47364807812737,1.79875005066691e-06,55062.4375309288,0.999905293157653,0,100,9.78525468389141,Open
1.02575310142902,1.05839310527997e-06,38685.6046316435,0.99989977818768,0,100,8.56537223747927,Open
0.986852166961033,1.57506478397615e-06,94886.5025693362,0.999895673389984,0,100,7.0116986159026,Open
0.904765006191752,1.86658055401061e-06,118894.988122044,0.999916486060793,-0.0435557327810039,100,7.2705676161539,Open
0.766138500997681,1.96170880535943e-06,101318.783787062,0.999908305206554,0,100,5.62072794402571,Open
1.06562639386315,1.71975137401961e-06,74051.2346636723,0.999902971730967,-0.0133973862545171,100,9.47090667108519,Open
0.839512558628278,1.92814963897763e-06,31180.8892500025,0.999902881224482,0.00996487900962393,100,4.96258752882362,Open
1.11807763876551,3.13657967955203e-06,99041.2928323049,0.999903441089755,0,100,3.80517709869895,Open
1.06679359255953,1.03066626514464e-06,76662.5726126955,0.999886521683515,0,100,1.63035336931591,Open
1.02781702223865,1.22927456033516e-06,117299.716065377,0.999898119203992,0,100,7.86205652261058,Open
0.90077486833616,1.50178028399114e-06,41680.3377958807,0.999872767453646,0.00743356065605995,100,7.34443932075591,Open
0.656007149580214,1.40122240348657e-06,106545.775787252,0.999899048922404,0,100,3.84355038524135,Open
0.876226283735389,1.09770232599772e-06,136843.46892335,0.999902151285788,0,100,0.251934139592294,Open
0.967311678736788,1.70099695086632e-06,45729.5504166934,0.99989518587996,0,100,8.38997327718011,Open
0.569680191145848,1.14676600720089e-06,98208.0430624915,0.999913649094878,0,100,0.114179834540736,Open
1.07464534820161,1.72269513980405e-06,80084.1117751376,0.999912332217409,0,100,7.03699779629051,Open
1.16703481547473,2.33672529949515e-06,124446.596895034,0.999905412372506,0,100,9.70257109726057,Open
1.29018181075733,2.12456267742138e-06,106570.954216342,0.999900975605183,0,100,4.37661328148203,Open
1.10878004248374,2.39535997423828e-06,92269.1406292071,0.999903777692703,-0.0834441819739424,100,2.34973404995953,Open
0.821872989181492,1.59031393465417e-06,102359.04360496,0.999882504577341,0,100,7.04871010043382,Open
1.44772408153478,1.38372139572265e-06,171355.186203092,0.99990862937429,0,100,8.17128142015585,Open
1.29006126135943,1.152797764238e-06,65153.1572233856,0.999895151888179,0,100,5.46430316077847,Open
0.838938999827641,1.33654749648988e-06,27020.7518620602,0.999909955836063,0,100,9.67035275256146,Open
1.20473895403044,2.98191634843128e-06,129819.711700764,0.999892889430891,0,100,0.516687216579611,Open
0.791410356914692,2.5711713047049e-06,113074.673985763,0.999903704464984,0,100,5.04795598304528,Open
1.10102803880364,1.27228094208154e-06,147586.863981153,0.999921194532244,-0.0306309147469947,100,7.1845394732255,Open
1.19954289741609,1.85438723749171e-06,117148.954156356,0.999875623970607,0,100,8.62640471149179,Open
1.301133154388,1.67205510439885e-06,167544.446290899,0.999898824923592,0.0558583597809597,100,1.7925561190779,Open
1.0845886523822,1.8726655310414e-06,87769.1130634191,0.999906627992245,0,100,8.00003481763681,Open
1.33212057241452,1.61156651516033e-06,129560.157586434,0.999899321947411,0.0616661234684872,100,5.52707075718545,Open
0.961752802379843,1.97256395175365e-06,145886.34831443,0.999909966650768,0.00587095394348659,100,3.96553681989963,Open
1.29088592801081,1.95848270809851e-06,108935.298652519,0.999902085110001,0,100,1.31715028579094,Open
0.853917452802166,1.33427835058071e-06,70386.1024323369,0.99989606127707,-0.00892839293345842,100,8.65295758908912,Open
0.916111890757831,1.42842920257915e-06,77756.847497522,0.999892763550227,-0.0153107802004148,100,1.57273208179715,Open
0.75270960013882,1.32054293548943e-06,35676.0704965267,0.999889129710698,0,100,3.09787859209099,Open
1.25876717088275,2.25116628308171e-06,66058.0749495925,0.999906990639081,0,100,2.90045531962437,Open
1.23506950501239,1.73590219384771e-06,72359.451707079,0.9998959149039,0.0251929033484903,100,8.71414034190854,Open
1.34918410989149,1.56948571900836e-06,109427.269395537,0.999900590279231,0,100,6.72702994208898,Open
1.21095328368615,1.56000734618182e-06,114918.378925398,0.999899805027435,0,100,7.96681397191372,Open
0.729221365561915,1.50768306452778e-06,95142.9377431501,0.999902961409658,-0.0478960944558165,100,2.50467898792499,Open
0.902323807723104,1.11688056920967e-06,125939.378114779,0.999915332788719,0,100,6.24874099606999,Open
0.760738678877044,2.25807917218325e-06,60098.8841927333,0.999912322908343,0,100,5.71745983143749,Open
0.891671270206462,1.75995527556979e-06,18741.1600327973,0.999897268584155,-0.0163805518476251,100,8.32830376788271,Open
0.838178755737861,1.19552037846899e-06,31628.9593135856,0.999910153447034,0,100,9.0608706048126,Open
0.992376933473597,1.17449871532419e-06,103531.926925216,0.999908267777863,0,100,0.121567714773868,Open
0.744405234214891,2.5822257546023e-06,51920.19726053,0.999903107827385,0,100,6.74019919058793,Open
0.890226221776763,1.40825417439618e-06,91870.5359154911,0.999912002266973,0,100,0.51835799119729,Open
0.809204621690973,2.41981798894009e-06,87037.0479596509,0.999869413452175,0,100,5.48858665077356,Open
0.775670096811568,2.06503622225289e-06,153780.112306504,0.999894809407154,-0.0346794906703583,100,2.87632729043678,Open
1.62829228962658,1.79544894508592e-06,34491.1788894163,0.999901505730088,0,100,3.06776599522141,Open
1.09621935792147,1.89387787036444e-06,135346.56981561,0.999907632962396,0.0214272432070413,100,3.52958503452357,Open
1.15041882459665,1.75616949535851e-06,120453.543943484,0.999907837932102,-0.111763604675114,100,6.2129244904961,Open
0.991907448220954,1.65494394901052e-06,135333.043795934,0.999888151155979,0,100,3.34049965668769,Open
0.920126198686832,1.24103459421978e-06,149026.980499909,0.999907855427858,0,100,7.3269905059028,Open
1.12161613060205,2.31184507289232e-06,39889.5771061016,0.999899498667975,0,100,4.0452738557387,Open
0.876538500217984,2.39822466046789e-06,43268.7829747457,0.999900632728498,0,100,0.683532003099586,Open
0.916315236366065,1.13402797155926e-06,174454.301859983,0.999902577151579,0,100,7.83759842484107,Open
0.953186580677988,1.34093672121197e-06,92375.087063917,0.999914506096194,0,100,2.85758324592706,Open
0.668886585834144,1.25717277558e-06,114066.041917439,0.999875243817071,0,100,4.32766879599263,Open
0.872666322014916,1.25437395335063e-06,139823.067467898,0.999898759596472,0.0933549219118093,100,6.85443883221902,Open
0.925530259307936,1.62660863912144e-06,139399.048946524,0.999901802011264,0,100,3.32456157148712,Open
1.08331940773146,1.19810738671375e-06,117631.80910371,0.999909646152403,0,100,0.565856561467156,Open
0.460462903497765,2.26695851893283e-06,199297.076178902,0.99990575015348,0,100,3.73921047012814,Open
0.891564081705972,1.27676338342129e-06,122439.917350957,0.999885079583131,0,100,9.44448582694303,Open
1.30823044231679,2.22897743929798e-06,81824.6665057061,0.9998922252358,0,100,6.41734397298558,Open
0.704349419828132,1.43663419627721e-06,168037.996168133,0.999893339320416,0,100,6.71479148667207,Open
0.956710555278189,1.5459728656004e-06,44776.6459032753,0.999907090938115,0,100,6.3228215363764,Open
1.48430274512724,1.08546306077684e-06,83410.458918407,0.999890355203644,0,100,1.98992138959437,Open
0.842623190459162,1.96403156925383e-06,134326.001371008,0.999889874553644,0,100,4.1833386410228,Open
0.873072985046084,2.53180796391347e-06,94752.2200206465,0.999916409126792,0,100,7.50939798363318,Open
0.986100425428676,1.70269214513835e-06,83222.2463050382,0.999911447720548,0,100,1.01372897553159,Open
0.847624952428874,2.36864837265769e-06,136603.06639063,0.999904553500316,0,100,2.77852776089712,Open
1.04448668326711,2.19201799762228e-06,100008.123954038,0.999899113072547,0.0562759981114658,100,2.76319108465854,Open
1.10948827397835,1.97112537043751e-06,122623.951994886,0.999905686678924,0.0132893204937473,100,4.32018927594506,Open
0.782062137100882,1.74741287215211e-06,32965.227914913,0.999910656455071,0.0197089616770626,100,9.80368740942185,Open
1.06789936866755,2.2186747963461e-06,114170.333866959,0.999903085036975,0,100,0.675025466838219,Open
1.0026379416386,2.13282938556938e-06,140627.308609624,0.999897918409932,0,100,5.18700994380595,Open
0.827569878664834,1.85179314863966e-06,64802.5258476962,0.999912064861561,0,100,1.7936468201221,Open
1.01067586777674,2.13743565056477e-06,76058.3483832459,0.999910685331126,0,100,9.70676545409744,Open
0.98826732648223,1.5020643387098e-06,49080.3912454035,0.999906494512883,0,100,1.13303504727464,Open
0.75918831227276,1.87442687686395e-06,203256.246247593,0.999911509094061,0,100,4.03601002361591,Open
0.947870301337023,1.70664045952569e-06,110384.554684462,0.999911727309855,0,100,7.37884984834606,Open
0.894642635334415,2.02021418349425e-06,158264.528827774,0.999901727881663,0,100,7.04554428027445,Open
1.25194346270132,1.59261462464659e-06,74034.485931766,0.999887326630459,-0.0114058153126916,100,4.22728636893932,Open
0.794128925423395,1.31334546703133e-06,168858.206716623,0.999899514874586,0.0448515697199498,100,3.46524167952718,Open
0.957443684482087,1.86802061277531e-06,123710.738321097,0.999889199420014,-0.033067423157734,100,3.97612378552871,Open
0.983725817603296,1.52039280468545e-06,117092.907039279,0.999896391192432,0,100,2.64276263158639,Open
1.11458976362763,1.42776976826194e-06,158008.721467606,0.999899136230546,0,100,2.053329387068,Open
1.04827564808931,1.10447230564607e-06,93601.5622929907,0.999888334368474,0,100,4.8303969755889,Open
1.23070475161613,1.03244090528587e-06,64472.6381859368,0.999894839583232,0,100,2.68533756067607,Open
1.20457959987212,1.39136045558431e-06,151145.255042856,0.999883969234132,0,100,2.8746166489725,Open
1.14535302122637,1.21937140013676e-06,132434.983588388,0.999909358191654,0,100,6.56756063474557,Open
0.957761780048518,1.80732308174684e-06,113334.243803502,0.999914615379233,0,100,9.68537331699892,Open
1.01269282270235,2.06215893335022e-06,42205.3422552377,0.999901068477895,0,100,6.03637200559375,Open
1.22483512862684,1.65706290000456e-06,100582.448924945,0.999891863791988,0.00131276072367333,100,0.769794670649663,Open
1.40404534385402,1.46075144130092e-06,83423.4491650114,0.999892808419619,0,100,0.75583613854067,Open
2.72925158418806,0.00134469685620267,75508227.22202,0.998291594459703,3.12882331322484,100,0.451513644122919,Short
2.97559011675674,0.00125066804761901,93203312.9030089,0.997422451860501,3.19583111854034,100,4.37899887142912,Short
2.8079540159133,0.00174918557815607,98744049.9767995,0.997023577177572,3.00215765305499,100,8.43993471942025,Short
3.22182993641174,0.00195208946107739,103386245.850165,0.999071532462568,3.14081668507438,100,2.62408376489302,Short
3.18684835416753,0.00115244733532777,139266934.082993,0.998380011802013,3.26513564562972,100,4.21712617525916,Short
3.15557038959826,0.00121563177774012,84649249.8794653,0.998923932987808,3.21460836123122,100,0.399225325637512,Short
2.91418095469759,0.00103740867628172,108305290.435061,0.999205789055356,3.22301915261807,100,4.49078514134876,Short
2.85994215135832,0.00159626938835254,109822798.450857,0.996871353004161,3.2091509154261,100,5.77613080637134,Short
2.58491525817142,0.00130938015743245,104506391.528031,0.996369591140327,2.98512653885461,100,5.70907053752145,Short
3.07199997711857,0.00123219974347061,111449014.990462,0.998520167020858,3.30407591583924,100,3.32426692174365,Short
2.89642085100841,0.00125919226475927,92216185.6708623,0.996999392888272,3.03223857852006,100,3.15533180663135,Short
3.43338037883881,0.00127357114293363,76501331.0665465,0.996418444120048,3.23315928888796,100,1.06623618936598,Short
3.72308468253675,0.0014494351564479,117773445.417723,0.996621220891491,3.11490691454111,100,3.66798320646268,Short
2.90140105552705,0.0013065212760893,102754338.288893,0.999269013714003,3.29434200061568,100,0.994946688729647,Short
2.9626757594819,0.0016651563494747,103684080.749766,0.996182134461585,3.21941136395662,100,7.66595944712052,Short
2.39570315025065,0.00149444279743946,90530846.3673113,0.998494428464935,3.26728881429812,100,9.66274297748186,Short
3.20472668467205,0.00101925916469982,128304149.753358,0.998643957404878,3.05456139380494,100,9.70074456666707,Short
3.29725391499306,0.00116073189047335,103882500.565524,0.999750305868361,3.13375759891019,100,8.65071099375394,Short
2.74462998791413,0.00159125757278388,77097049.2523733,0.998057194465313,3.16996600142915,100,6.00792149339619,Short
2.9592120337614,0.00139750288501952,96245192.1989062,0.99956404058846,3.23999666287393,100,7.0086569724388,Short
3.55556476851371,0.00112443270084089,110852028.380584,0.999006334647108,3.05595960819934,100,2.85205802680414,Short
3.29116686803341,0.0016219802655399,120288948.840153,0.998733032624854,3.24836033828174,100,6.30770420172621,Short
2.77689177125047,0.0010391458225935,99586963.255857,0.996769919853732,3.3151193627834,100,4.55649549439877,Short
3.05625517066339,0.00151467537642318,111643272.408321,0.996504166523481,3.06405116784834,100,4.82017339776933,Short
2.76887904410546,0.00184536522868664,85731658.5949567,0.998790866174665,3.24201846881617,100,7.57776560375158,Short
2.7346271846266,0.00171247796996996,95974722.6060729,0.99657109630135,3.14608225193728,100,2.81918355597252,Short
3.43820458451157,0.00117180286060726,131429983.326662,0.996576944947903,3.12639846085604,100,3.1803961169452,Short
3.08915897220451,0.00134368186018651,115513532.218665,0.996946066584637,3.09821180634023,100,9.24641791128637,Short
3.30619001622514,0.00131752177540544,118394106.055088,0.999413391649097,3.17394984432926,100,0.562242948509722,Short
2.57695340752871,0.00148197787378903,120406527.814281,0.997242515721192,3.17197583746397,100,4.8563429841334,Short
3.35716013005851,0.00105003831951454,83630593.5193225,0.996227034827444,3.09944188130802,100,9.12800800407862,Short
2.93396250278463,0.00144606810757272,120943605.602594,0.997273559896399,3.18127180028582,100,6.10363007818157,Short
2.85029727205853,0.00178603475896445,90090791.0944393,0.998674411778347,3.1987760601545,100,5.46407074212132,Short
3.04707803827335,0.00130612477164249,81800495.1621786,0.997999685362548,3.2150273344701,100,2.49744179229355,Short
2.53749151363909,0.0015789342522224,82399715.6602513,0.997420431210932,2.98375601291098,100,3.43275489064448,Short
3.31337842800301,0.0012485983472033,94827951.3040884,0.997959801694851,3.20235009821487,100,8.52048415804693,Short
3.09794073125396,0.00100597633962853,91123973.2890274,0.999520303315133,3.12452203166929,100,5.59218131768458,Short
2.55229593010164,0.00101735135093553,95358473.0958848,0.998752522407198,3.08707244328596,100,5.1474219375678,Short
2.81691339686454,0.00145710363355619,71087975.8902198,0.996795558340321,3.01092160795671,100,0.995797135400289,Short
2.74089787099757,0.00142167279918686,86583298.6421359,0.996560253934288,3.13407892227242,100,0.160281564551231,Short
2.25817714642805,0.0011485358307261,103740215.175308,0.999450950638128,3.24009429249472,100,9.63685188687049,Short
3.07169354662601,0.00103800767845954,94934942.5014364,0.996197695519237,3.08860763663052,100,3.76986167286842,Short
3.16837273701955,0.00188644332132451,91737921.1740465,0.998685573954632,3.20620103508677,100,6.03213062099504,Short
2.54169035357305,0.00167702357694674,121146417.060893,0.997354249678651,3.08027092766971,100,0.79715073187285,Short
2.7853165460816,0.00158721915427244,118954066.289568,0.996997214555384,3.12754096894943,100,6.83114285723047,Short
3.04380435982854,0.00146905182095082,106928171.532617,0.996757480564342,3.32080974841574,100,9.32566708705961,Short
3.74968216620149,0.00149070498773265,81987016.8836218,0.996224143221943,3.22062962520745,100,5.7566525299742,Short
2.83255578756244,0.00181608306040747,113306936.352412,0.998749104667089,3.06280144101419,100,1.26115322375411,Short
2.89517418128471,0.00167186124637034,70286246.3661764,0.996571860341841,3.14194982125426,100,5.81721527473477,Short
3.21123889779997,0.00151371936331689,82926880.4624043,0.999473391081251,2.96980326325302,100,7.66347213104652,Short
2.59648185784331,0.00190898855272366,88842078.8484357,0.9971838074365,3.12614223858042,100,4.06416536574019,Short
2.59254805314557,0.00108119772920926,129487032.999392,0.99703648680353,3.20982780986261,100,8.79837747941468,Short
3.15783323426582,0.00149706562667179,94428268.3472177,0.997292776531722,3.22377636861179,100,6.48682953357365,Short
3.1712941737135,0.00131402346185787,60738664.5035353,0.998991250100389,3.05993773357775,100,8.99248918289203,Short
3.09466717721717,0.00115507022152236,75444891.9409774,0.996513914418193,3.26725564494871,100,6.23505311247337,Short
3.27353932931675,0.0010160717860059,124850871.049853,0.999324794174955,3.15924730212806,100,1.31287972004824,Short
3.2603386885916,0.00109363770639066,108434975.74607,0.999785483844975,3.12039635641334,100,3.09691711105189,Short
2.66566572309021,0.00180757924626977,76349335.2940787,0.997134252185011,3.14202271615313,100,2.01794948252457,Short
2.89717236814239,0.00180586187061088,101254857.611056,0.998099904038042,3.19601065202857,100,9.08826497716862,Short
2.57313020289651,0.00142836533255158,101233688.617781,0.996609365881598,3.15109571271121,100,7.60400067287483,Short
2.73257165597582,0.00165644195795967,114990359.833558,0.998467586481691,3.13603354286695,100,6.76398368910006,Short
3.21715504882192,0.00114529391241472,78280566.6029266,0.999327112111217,3.14360972442806,100,3.00966319631622,Short
3.37738544285225,0.00158532342733026,105952728.898057,0.996659818966814,2.99993208041453,100,1.84044772050214,Short
3.19095156886832,0.00130615611013075,88032995.7760919,0.997806769244412,3.29437676788437,100,7.56451087988912,Short
3.12032969282447,0.00102916278251404,112346616.694926,0.999243503082506,3.15099390823047,100,4.7415794587908,Short
2.7599754579277,0.00100906747445443,73529142.5249969,0.997122609657575,3.06407547424564,100,2.25789552150629,Short
2.70523448000536,0.00114946959279596,93937839.9494594,0.997957633209085,3.22044936253734,100,6.16621978165275,Short
3.32369966964456,0.00154869769342357,88859371.0624573,0.99758566609768,3.23894621141218,100,0.40333852138452,Short
3.05821634501013,0.00137661363882236,101772889.258889,0.998158104500323,3.31954082172816,100,3.26170254128253,Short
3.14856926699511,0.00135716337392471,63155888.6672781,0.996690649042466,3.09485729892393,100,4.68556994591135,Short
3.11390767727925,0.00114481894661946,125145050.023859,0.996687245412652,2.96695106554458,100,1.47958334109406,Short
3.22419249409556,0.00144506851708569,84258827.3711259,0.997166464868999,3.14421722176717,100,9.8465447759084,Short
3.4392579553529,0.00130439053691208,108226910.893972,0.999578483347286,2.94095708384556,100,2.09097364589614,Short
2.5041974843509,0.00163349937351321,114090205.239637,0.996650204530117,3.24428007818719,100,1.30353130043266,Short
3.22801737963035,0.00151679234660288,103733164.647654,0.99731954531764,3.04528675874377,100,2.03534873886896,Short
3.59424857984203,0.00112361833290189,118909264.95497,0.997215784666724,3.07066052263668,100,7.69061133159724,Short
2.84728431508182,0.00137455031693282,108375213.983314,0.998549121926073,3.10323692162175,100,4.25505659271843,Short
3.03441428478979,0.00114711023498131,89949761.2086568,0.996489055977975,3.10885312433132,100,5.65415939752538,Short
2.84153847614432,0.00140479625580916,116481904.4984,0.997102716812944,3.30430220262766,100,0.210091569863607,Short
3.13998068751097,0.00126130890083957,90169006.1499723,0.999549739523957,3.11948830604087,100,0.344313085733146,Short
2.2001558456015,0.00115014149511679,101320670.268477,0.998370217041758,2.98384171821539,100,4.45825549827016,Short
3.04879811730921,0.00114211498270029,102809063.91273,0.996460752790604,3.1101892769797,100,8.16655243201624,Short
2.57498745211432,0.00210574987397004,94875978.7001258,0.999811231011758,3.14582911408267,100,8.85238878707565,Short
3.26655446867089,0.00130053489366503,89104604.7939404,0.996161713905516,2.99255822625336,100,0.867065675956402,Short
2.79872000284091,0.00166984838508107,96242126.4753629,0.997287034815527,3.15882457283471,100,5.38363102101023,Short
2.72033667189377,0.00125232928317021,127418854.561926,0.997477681152483,3.15188361987107,100,9.13229686279271,Short
2.99802544978375,0.00183055287128829,119482493.694076,0.998918348275821,3.17424773496096,100,3.87972754397886,Short
3.37541773350081,0.00174344963098461,101963168.869221,0.999005327777606,3.41668981781322,100,8.29565831428369,Short
2.935114746908,0.00104375438557884,106835164.634466,0.996238853559883,3.06835088030319,100,1.33695654399436,Short
2.44268551782218,0.00166208338303407,120317197.428495,0.998807621490392,3.02290424461625,100,9.35394489667799,Short
3.47913708673398,0.00116913018462472,75345275.4550852,0.996902782630075,3.02380479760903,100,7.51423317531303,Short
3.00038764897694,0.00184927865513009,84626526.4721982,0.998428748193843,3.22937568409865,100,9.41334392786902,Short
3.25183131638342,0.00218963380048696,108648798.328681,0.999443138807237,3.36232449414931,100,6.76617233552506,Short
2.56849848624754,0.00136416845935187,110935375.156638,0.99995713972774,3.25784554850485,100,3.63403931999427,Short
3.09662250956852,0.00119829461607556,105357168.232035,0.997825337803651,3.01213875098016,100,9.38181172524722,Short
2.60034717730964,0.00120760116093719,96940546.8380865,0.996104487043864,3.25491348445355,100,2.75566776309178,Short
2.65672672949202,0.00184288176988072,68329690.624678,0.998524544512809,3.11636779540772,100,3.32172522061733,Short
3.14087361990542,0.00100856931215023,97290678.7187426,0.99857225062629,3.07539862955982,100,7.0080841800174,Short
3.12701593997811,0.0017167617128158,84044472.9734899,0.99862458006954,3.03612229304151,100,7.65316299525386,Short
3.23371261652631,0.00110780681225248,85779251.7804438,0.997919990123426,3.16317364169547,100,9.29403483849154,Short
2.70630155865452,0.00140017460049422,126782505.589141,0.998238892582692,3.09916837664262,100,2.0480240905621,Short
2.91707878967079,0.00121053825808353,58245305.659828,0.996486524609865,3.13695295378021,100,7.97998035219224,Short
2.94738304673046,0.00134346467975828,126421832.702707,0.997979959178377,3.18485008833603,100,7.38546053396963,Short
2.68852329850247,0.00154630402545061,98466845.813411,0.997971029099003,3.21002078636318,100,0.637945562535979,Short
2.94616273737135,0.00122054740698858,106432223.062077,0.999446666752326,3.20748932731739,100,3.87223141210207,Short
3.0875755066117,0.00104750792974017,65136470.8987992,0.996076752896473,3.10230419999837,100,2.82765457060099,Short
2.78184907657615,0.00173324908451405,97343168.6924454,0.9990006080783,3.27597429373037,100,3.0449042435403,Short
3.27865053913286,0.00138809796181268,73336786.9006113,0.999706586782136,3.17708258394489,100,9.82946879554701,Short
2.66103814246296,0.00128618962180988,143163497.368579,0.997350928447825,3.0110059876264,100,6.42777413479928,Short
3.23633928034401,0.00167772416627892,118372200.625209,0.997621366835758,3.1537984880741,100,7.176761577935,Short
2.335998085235,0.00117780605168484,99537916.8416322,0.998340795007512,3.04525599346669,100,9.76617637315009,Short
3.09499840519735,0.00123045298842513,96288120.2797041,0.998312655831685,3.08570933687818,100,3.77201782457639,Short
3.42649191126967,0.00112225812077266,124176568.156262,0.996864667189155,3.19220937402725,100,8.01840168452806,Short
2.79119375673426,0.00208179294488815,94399415.456553,0.999217455747205,3.25795385916722,100,4.34530963304495,Short
3.45455539183005,0.00132776251032414,74966305.5980111,0.996724360432674,3.07845908552757,100,8.6953367181498,Short
2.94667314581345,0.00136118132231338,104892792.59179,0.997408374163983,3.21857079048978,100,1.80657541311303,Short
3.26174757603907,0.00116926622339695,116927363.024911,0.998325524014532,3.24298282891284,100,9.4768617706428,Short
3.16722635993874,0.00112009028675901,51192611.612643,0.998169562319342,3.32884445789421,100,2.1877170841088,Short
2.8228435999944,0.00111771557794075,84903418.7547319,0.99897393784323,3.01689880550334,100,3.26220506980932,Short
2.87385606639998,0.0014364390542954,115315345.569505,0.996996061279944,3.28450578805214,100,7.56192234106781,Short
2.73954580641806,0.00136726657546885,72847915.3248454,0.997950603198492,3.092778872125,100,3.93755141565407,Short
2.69411346077645,0.0013122576970545,66978924.038406,0.998717404881941,3.15322151250415,100,6.08211376766447,Short
2.64231309588549,0.00118557311696966,105030011.849521,0.99761863835872,2.85170817025589,100,4.44573501069429,Short
2.6293560087327,0.0012111791448903,133641460.015223,0.996024978323856,2.84743471820953,100,7.42369937089782,Short
2.92775701012179,0.00149676627518374,98170495.4601326,0.998260465189148,3.25764631555285,100,2.28331252368611,Short
3.1387944467119,0.00172729704792814,148005788.790036,0.996324003313962,3.11800748774572,100,0.58457987236877,Short
2.69708853744566,0.00143450229258541,110233056.224554,0.998620884276599,3.08120688119401,100,2.99929397473066,Short
2.67736243725113,0.00142250921340251,65487904.0111771,0.999781093135031,3.00464664967965,100,4.7430866486843,Short
3.1711772285965,0.00108737649080262,177991157.55905,0.999183365156967,3.18853500513679,100,1.68020052192679,Short
2.58487405711475,0.00137089650687312,103633400.927011,0.998326620698263,3.08263190500774,100,3.54797289656389,Short
2.60944266894648,0.00135826139990208,86728675.7603433,0.99912184603219,3.10552058513084,100,3.99983018293569,Short
2.85498995192637,0.00109993218546776,84367123.021327,0.999999091847539,3.10864922533407,100,0.573918436882735,Short
3.2729391373318,0.00132613361303003,112849350.902345,0.996346679436876,3.13720807845884,100,5.83307248184204,Short
3.17893936205275,0.00109985523998123,107490626.461433,0.9966301698157,3.06927630743385,100,8.84343427971288,Short
2.92780467219757,0.00116230728522679,129580908.823701,0.997035232521787,3.1116675289977,100,1.51742912953052,Short
3.12220670554183,0.00167816049142871,84920240.6917857,0.999328966835734,3.21809353676855,100,5.97808013401514,Short
3.0236692307514,0.00108961230620509,76530041.6689928,0.99951866156639,3.16658492842636,100,6.64739204910846,Short
3.10999846767592,0.0013810812540854,91310054.4944073,0.999729617560385,3.09513270760602,100,4.19334680419288,Short
3.06761357238779,0.00120134934395565,73983194.3058921,0.99710807092703,3.27886758237257,100,7.0109758736427,Short
3.03154414400997,0.00138742864180527,118948588.327903,0.996291656834554,3.08516076880635,100,4.10731543491012,Short
2.89170665163874,0.00113430907274499,126709014.201476,0.998279338329318,2.97424436229467,100,5.04637287977435,Short
2.73860041014678,0.00102643026770636,129954031.253335,0.999523550840962,3.33042814005567,100,0.0735304455442698,Short
2.96211238963157,0.00130966821194867,81376416.1737201,0.997952526938067,3.18039986254819,100,6.91720114134689,Short
3.36495081483076,0.00130442189963866,117167852.786291,0.998605645161082,3.14981382793394,100,6.61342678944724,Short
3.03601885671231,0.00215996231330095,91970033.4047038,0.998501823410454,3.07269572998145,100,0.384008773263446,Short
3.28075973282721,0.00169504597641941,75907315.1068166,0.997517762084244,2.96711452920449,100,3.68250107395133,Short
3.37354353665614,0.00156731649391212,132232449.002386,0.997129254061161,3.18056286697559,100,9.79031840791667,Short
2.80582632722361,0.00155410649861622,103182785.594288,0.999557683448112,3.01097159788346,100,4.20736562568617,Short
3.03292913342894,0.00133609197763992,76873653.4939904,0.999857649209369,3.14349581962877,100,5.01945405131842,Short
3.15491847621911,0.00170012088329333,93887680.6503521,0.996030572633088,3.16543634463614,100,9.09930158159719,Short
3.5432160233649,0.00186664747878481,92256282.5745863,0.999069519702624,3.01936611792684,100,7.17261875865756,Short
3.30610201551349,0.00100052693164112,103553067.819225,0.999784701079674,3.28855110059917,100,5.82070131124224,Short
3.09458388731914,0.0021391572094496,97730216.4813139,0.999240786995255,3.22832910502786,100,7.97804681341073,Short
2.62169720285686,0.00150986531583189,133181628.250414,0.99984418075537,3.27209774023206,100,8.64366266455973,Short
3.20553572381341,0.00149460910843102,84615628.0161573,0.998433983586116,3.00447268401997,100,4.56888071737267,Short
2.75228790884047,0.00137772383576175,91796988.2939983,0.996795535398424,3.09064984861099,100,4.75108364931835,Short
3.39376433263073,0.00127808922107157,98818729.7828314,0.998635953147804,3.138994967294,100,3.86050935651836,Short
3.54435239384191,0.0017908005070488,100215232.443257,0.998224843362732,3.02654518891028,100,9.66706140018461,Short
2.89821341226472,0.00163183251143076,91552275.0613074,0.997301299318702,3.38011158130677,100,6.9716625429035,Short
3.11928071070335,0.00111165279837947,112540804.26345,0.997966493398622,3.01712501743192,100,0.832230662080723,Short
2.95661694147508,0.00126663494431251,131530829.570297,0.996560143754561,3.13838442437465,100,8.62959623313018,Short
2.97383661066434,0.00131971794076821,147955272.160485,0.996541847067436,3.0606467598709,100,4.80559940836268,Short
2.81035226897346,0.00143037840695314,128702784.974885,0.999960358003795,3.20199422868915,100,0.687539064224875,Short
3.11960556474935,0.0012345428169446,123175793.04414,0.996892650098295,3.00979192375257,100,5.49717255163311,Short
3.38067276759319,0.0017942072896404,102805716.572027,0.998158762239238,3.12520325134733,100,4.17164278975702,Short
3.72266004591779,0.00149135922935779,116329088.898951,0.996052444839948,3.08208635071558,100,8.77749404862625,Short
2.44916846123478,0.00170822297928722,93519463.1177205,0.998068937998697,3.2853719316107,100,2.03994603609387,Short
3.24308445612978,0.00109747517135124,96821918.1529839,0.996060192578387,3.07961768272122,100,8.26464609492183,Short
3.2509322236958,0.00116572145095138,86125239.2179515,0.996986270690776,3.23351777704125,100,5.57688691185453,Short
2.77831983506198,0.00128640910637879,98541174.0146462,0.99900607465094,3.27113513472736,100,0.54610303213469,Short
2.37402913129964,0.00142153450130378,90471689.610782,0.997848736541742,3.0808005624895,100,9.71845301325485,Short
2.84128718445297,0.00106009217133549,172210024.747644,0.996039316512575,3.22110960853682,100,5.126152441032,Short
3.16976976955534,0.00128375519750618,92672828.61884,0.996575750366731,3.05797474164932,100,2.90876854231582,Short
2.82250954492164,0.00110887090106891,85809007.0475576,0.999610608252565,3.27616200045004,100,4.69406841989258,Short
3.28096872231028,0.00133277827407141,100815749.770565,0.997178498072661,3.15267423125462,100,8.57857783517489,Short
2.46823621376614,0.00105720606461173,70217912.1554135,0.998618636398639,3.09730647345723,100,3.04903124385064,Short
2.91097005473471,0.00172029909417391,72443087.2044031,0.999972071342489,3.13372761523322,100,1.926763964867,Short
3.11164271170729,0.00132443922763775,85328229.4431978,0.998387377448911,2.98081462437245,100,1.29071246930881,Short
2.84094376740377,0.00188252248653821,97713019.5757431,0.99906142298331,3.43792684410485,100,2.97859398390211,Short
3.48326173666063,0.00165876759120394,94328937.0640398,0.996729878521897,2.98202251985631,100,7.80048087040043,Short
2.56980735730792,0.0017034961590603,126513818.690857,0.99865158728638,3.16682103529283,100,4.71626365195262,Short
3.28761844307126,0.00145104592161165,127722744.942549,0.996695374535927,3.12748289358296,100,2.2748160369354,Short
2.864574714605,0.00127895532798099,93411931.4728537,0.999997608247521,3.35535064546585,100,1.66184999609749,Short
3.05446010339382,0.00179996082015993,89006689.7655328,0.998769480954549,3.08744240618615,100,3.32729476510379,Short
2.86637501074153,0.00129655813222691,92999367.8402881,0.999035804203741,3.15270619669535,100,9.39924372885709,Short
2.51273485578002,0.00107697632797712,108334639.10314,0.999066166781647,3.13674292774911,100,3.43026712590024,Short
3.63131131751971,0.00154548021144198,89229946.3657354,0.999727290711187,3.18294765739438,100,9.88124075954635,Short
2.86819117558719,0.00102508955878173,64025623.2587212,0.999251782937502,2.95149594090654,100,4.85230455765356,Short
3.05489006267289,0.00102617311224414,125744534.59749,0.997780268062704,3.01810186809196,100,1.79163918290151,Short
3.65246752152003,0.00125537045289951,98577833.5251508,0.998835234443333,3.0366580840384,100,8.91140091793509,Short
2.80447310297654,0.00119441508602215,90891667.4069992,0.998331813455403,3.19272619683871,100,4.60355373134827,Short
3.18273580534861,0.001088091481547,83036193.1772425,0.998493667852006,3.09431230343702,100,7.09671343504524,Short
3.29981056766285,0.00104644359399875,146813079.883547,0.996502507242264,3.16619686269468,100,9.83711583209152,Short
3.17793834101938,0.00117250551743915,124588416.991941,0.996385348684394,3.04867082114698,100,0.50175350319974,Short
3.00359451002366,0.00104455445245134,118367962.785111,0.998030114251203,3.21238111059781,100,0.966945597875671,Short
3.31455176112952,0.00171360099883061,98467233.3346104,0.998680247646922,3.1961492290396,100,7.20456741462756,Short
2.2461516382361,0.00133994052978394,102179110.684335,0.999572888415626,3.1441841185743,100,2.81825003295472,Short
3.36472034273419,0.0010365834335083,139604972.480105,0.996193646459323,3.03365546636682,100,1.84301396950099,Short
3.17610287337102,0.00133806723080542,137740707.450635,0.999759121235183,3.02916891962555,100,0.393618798197295,Short
2.59867275230576,0.00128245159468468,87859656.6671795,0.998810107233551,2.90449684487767,100,0.218467119862018,Short
2.81030578246604,0.00128173583913961,107865622.363744,0.998808445519555,3.09589499819995,100,7.74485603119791,Short
2.75357185766864,0.0014277747515675,80994224.5522435,0.998719215585387,3.23086805617191,100,1.3443342736955,Short
2.71048944850331,0.00136785509708373,90552326.2100014,0.999343068477323,3.14746399325118,100,4.67720615971151,Short
3.1917142157104,0.00109402258871885,120668862.04756,0.996872253337409,3.27975467451446,100,6.05896815179483,Short
2.91835241577296,0.00110535576058613,95531298.8443212,0.999510128568542,3.09497187302288,100,4.28351800568846,Short
2.81789351516555,0.00188790215403294,140121684.681064,0.997463594125348,3.19122160834743,100,0.271066523362331,Short
2.87053197999419,0.00122871010225193,77847034.9706674,0.999504738565498,3.13858641383627,100,7.83501502587909,Short
3.40467820381538,0.00101236499326404,100567979.366441,0.999717897246224,3.14369176366152,100,0.105132245416535,Short
3.12158268591578,0.00103146516128624,145299659.128149,0.99636888646881,3.10329807194503,100,7.61889894377484,Short
2.90258582410541,0.00119883955145288,121129147.175928,0.999239774016382,3.12578960789839,100,8.93304493788123,Short
2.4937904065711,0.00160317991414785,81486431.9107993,0.996720386148526,3.13071288377139,100,4.32839921057172,Short
3.25197441179145,0.0015685530709619,95825146.4649721,0.997823846915871,3.22810890191372,100,5.35542473097798,Short
3.11571829445325,0.0015490608719312,108834105.386921,0.999688622407116,3.28599974040579,100,4.76983392617654,Short
2.94645462355506,0.00117147870747697,84074941.5515814,0.996185496355465,3.07991022908798,100,3.89208618623439,Short
2.77473206154039,0.00107981861083342,131605410.22487,0.999012643009701,3.10724657984269,100,8.8742453537036,Short
2.51309773376599,0.00148019021800002,128246865.606158,0.996567320392683,3.17111715091024,100,8.93933510669991,Short
2.54897304988884,0.0024556903208243,73855681.4778145,0.999324987874463,3.09598546570005,100,3.35816364641535,Short
3.10293260858921,0.00129120130820615,69443403.491912,0.996590052272613,3.23901021365341,100,6.15069754014698,Short
3.28005919098072,0.00104315780015419,74087110.5119649,0.999947086148354,3.23407856771898,100,9.26907562145864,Short
2.99764712787571,0.00101219790686462,120403191.909591,0.997954971385079,3.31578088338259,100,9.62058498941352,Short
3.31035913075416,0.00119241427790573,72155195.9908582,0.996926958739902,3.02479599491324,100,5.08959040422048,Short
2.97900306747886,0.0012042580329976,95944327.178323,0.996267795625868,3.22161624441362,100,4.52824805284327,Short
3.21765537554498,0.00146261428585634,96830983.7589919,0.996369792639748,3.18822394501912,100,2.78694315928526,Short
3.44861462598651,0.00163990261705751,105416492.790748,0.996726866005855,3.1247699597535,100,9.5887187319041,Short
2.7456206347304,0.00109867314227569,60183240.7476542,0.996453534481346,3.15253760756262,100,1.42814304472867,Short
2.83053778547566,0.00139453973647564,84467381.7804908,0.99920343863806,3.21060308117776,100,5.79829576047725,Short
3.12704250922561,0.0011948713041966,123142043.968446,0.998863908535858,3.13368991095139,100,2.82550267518639,Short
2.78503353369424,0.00127043504539889,130950274.00462,0.998844793536931,3.11874524972172,100,2.79008290347797,Short
2.85974769303195,0.00126933867885863,119402995.808352,0.998492920776284,3.13843518620075,100,4.04968587376188,Short
3.02484944173265,0.00170670778165182,84955047.9036694,0.998427953954868,3.16632159500118,100,9.98792935815655,Short
3.44336368973895,0.00118394715435661,89234742.156266,0.997824148444482,3.09292615451147,100,0.549663068398221,Short
2.94810544459313,0.00201640875669681,110227139.916259,0.999360685373477,3.29416468117624,100,5.78541818203531,Short
3.23963827890296,0.00131560188942379,68982739.0473723,0.997238830643068,3.19626610972292,100,0.825721580352772,Short
3.1417568118852,0.00191736942762667,129104648.539155,0.999329958395888,3.17331400142611,100,1.54520829990519,Short
3.51036293425794,0.00110905222929724,107036612.698427,0.99875953592463,3.02882855080147,100,4.39562941772899,Short
2.89560135025215,0.00182023097257479,82009882.3609459,0.997988644289781,3.16638866604243,100,5.10460131346441,Short
3.068597259157,0.00146557575584252,139194892.829373,0.996819304224166,3.05626176786054,100,2.58792408364524,Short
3.20041354960344,0.00100611234832702,140287961.921976,0.997046491124931,3.06416586546223,100,3.16457130874416,Short
2.95533844939954,0.00141245740769625,81994524.7148184,0.997421191992693,3.14869547020368,100,0.869670202559331,Short
2.62248722658473,0.00114492511397931,101298624.912856,0.99937710101969,3.12013661109863,100,3.03219783844251,Short
2.88112979132371,0.00160922974922608,84632763.2583707,0.997814210069953,3.17495299702553,100,9.66558439380544,Short
2.47821187146683,0.00167821920152489,94778608.1440745,0.999650275157228,2.98661917109528,100,9.44707381672482,Short
3.2571533550654,0.00111586460175003,84569864.832734,0.998491685657397,3.12030606091514,100,3.34878290136985,Short
2.77000867967215,0.00110912352454123,102785160.094011,0.998347300715787,3.00477710977664,100,5.70853936278762,Short
2.77961679783693,0.00153898411289113,120620437.408104,0.999840766920813,3.36417798621894,100,9.09595391110944,Short
3.13384038568586,0.00117695472677357,100173842.832087,0.998904647829039,3.16215234209606,100,0.0618382264089667,Short
2.80978190330749,0.00200546915644145,66814915.3301589,0.996184694320614,3.2073445792129,100,8.10683570337592,Short
3.00880108037642,0.00108671687025969,106045748.304946,0.996192731040335,3.10102877072008,100,9.48369552788919,Short
2.41395970022431,0.00141839036628065,92038072.2514713,0.998591684158534,2.9394822164664,100,0.913257343335571,Short
3.27225886438066,0.00105364155544829,116539770.356723,0.999827614423881,3.18571866815272,100,1.61447686032921,Short
3.41214546031847,0.00104947498474078,96076603.1338378,0.999283876750787,3.11168747260269,100,9.60746302771355,Short
3.40294601444925,0.00117798274755189,88179680.0274247,0.998432358540014,3.16259344067962,100,5.37540143640346,Short
2.92916529769843,0.00125444213432137,81280409.7561497,0.996216053902702,3.05013831730723,100,0.141966344717237,Short
3.06428728224045,0.00151773798634923,120727225.849297,0.999435363198226,3.24679728457333,100,2.57631998763529,Short
2.59518151579932,0.00100235095269018,95429483.6956412,0.99695059316619,3.15363148289386,100,4.4994367426886,Short
2.17715661648618,0.00185508545433074,103588811.108882,0.999565364317121,3.05255835022037,100,6.92908911024768,Short
2.48834937131399,0.00128645527160043,91908749.4669632,0.99608265753439,2.9486786361628,100,7.331603781368,Short
3.07419144424961,0.00115952941973957,88560936.9311544,0.998474698164257,3.08525990346089,100,9.95421512925456,Short
2.95763136094411,0.00175423541634033,96791243.2677997,0.996903862310153,3.17385816129427,100,2.87511199383759,Short
3.01084441406215,0.00177085821239772,90823741.0253637,0.998630573975045,3.21207940791706,100,5.38220101868475,Short
2.39858756181989,0.00146013104543703,87042349.7549991,0.997492472285575,3.08171123567906,100,5.33323547859605,Short
2.9060311176798,0.00189987198984507,78847541.4818767,0.999232230509223,2.98790807584342,100,4.05645259447238,Short
3.11548308464563,0.00140565941513889,100731023.349409,0.999416086450116,3.17559290114794,100,1.6916189384242,Short
2.91710007410718,0.00191433441437715,97547077.5790954,0.996254769973692,3.16314279311575,100,9.77456563183843,Short
3.15784997425189,0.00128123555279268,124070676.055511,0.996336135159577,3.11201423290824,100,8.53317186666586,Short
2.48345975902793,0.0013050918197736,138866244.009324,0.996456413884378,3.09554124365846,100,4.98333028294237,Short
3.25192030695262,0.00109501125537124,90477917.6169299,0.997501391625846,3.05309397231646,100,6.0324542268403,Short
3.05059694941571,0.00105693591872872,99501532.9177775,0.996772145100147,3.19344511162995,100,2.27261053559662,Short
2.77668620504743,0.00185317922112451,112574463.328583,0.99972389037588,3.25951007767966,100,5.43787070391747,Short
2.77339321466436,0.00162731663862561,109862853.666753,0.998661739902069,3.09784665223023,100,6.94970133121476,Short
3.05076325526654,0.0010803305485238,56982980.5548381,0.998745974284542,3.15568322972308,100,5.15167028386589,Short
3.33279304602418,0.00119991787887873,88555933.336551,0.997460646967941,3.11994251125529,100,9.90285170584941,Short
2.91343969335246,0.00119747748656858,95280478.7225629,0.998577181832491,3.12780010187234,100,6.11341656247726,Short
2.70891044979845,0.00127488455689128,79694336.0004096,0.999406149255151,3.06442488500047,100,3.70973712592169,Short
3.10733855671085,0.00149764682532859,71903983.6993963,0.997616974490858,3.2198959804762,100,7.72152027615838,Short
3.16358543999853,0.00109187295064654,67294881.4362503,0.996747761458872,3.13600582895966,100,1.70462511581642,Short
2.98127636957344,0.00174739957733836,111835271.474051,0.998472673277009,3.16213435964848,100,3.84515813706267,Short
2.98606423583236,0.00117095598427234,80395057.4515262,0.999471065062695,3.09512085031445,100,3.46958950377586,Short
2.89053402456225,0.00144629534863808,76836890.83555,0.999213556579026,3.07878223451913,100,4.31807095107777,Short
3.19545627057571,0.00116705879796335,87653150.218563,0.999050517751688,3.07501291477902,100,7.81779825928726,Short
2.83730888755174,0.00170711442212266,126166220.081021,0.998801128705253,3.21638653651767,100,4.84173032163407,Short
3.46063034661754,0.00136550892084948,118662227.907499,0.997432120957955,3.05403520866673,100,7.94014450265963,Short
2.98286428867164,0.00100418432744056,98286252.9873095,0.997599103677457,3.17880009992505,100,5.76488903139866,Short
2.9928487027466,0.00124568080653909,97781504.3007374,0.99721955138231,3.10163542677586,100,3.42069434657555,Short
3.04646453085628,0.0011550799614449,111791460.238246,0.998551042561768,3.12656931989666,100,8.09978743683472,Short
3.59533331262982,0.00151204970010101,68184598.9025298,0.996709432232707,3.13153463322012,100,2.38289670553092,Short
3.45665544842892,0.00129926985598106,79338463.1133806,0.99918398243361,3.09970647515172,100,2.24382979799795,Short
2.99368868618531,0.00182036834319848,88893215.3765062,0.99812559535424,2.98271081308283,100,5.04502924054836,Short
3.10154194156404,0.00150054535509817,73237465.3756346,0.996801368928796,3.11810514088348,100,2.60849245962089,Short
2.99196719101154,0.00208055226621981,91015064.4445288,0.999279624972651,3.22212403371997,100,0.0908703495121632,Short
2.87065044296754,0.00180922323599333,126128726.253882,0.999560644083055,3.20523918652631,100,6.48297527298802,Short
2.97760354671786,0.00161252522780244,103508758.606732,0.996471500286502,3.09733935674219,100,5.11093821472398,Short
2.83170013255898,0.00107924726322007,92290382.031219,0.998629221510174,3.13391588718845,100,4.45517814493161,Short
3.55938352807302,0.00125730116245399,141116756.487431,0.997268255816835,3.05446150304003,100,9.66968514618315,Short
2.85436628188683,0.00101438692670127,82930888.0893462,0.999898610723098,3.01347535908338,100,5.71199183962914,Short
3.41112096951677,0.00189271225438329,73219224.8282235,0.997243616514058,2.92364417319379,100,8.63431577789384,Short
3.05366724288509,0.0014609313992782,106354345.466104,0.998736393609087,3.26666610593469,100,1.3945023620516,Short
3.14140817531765,0.00114943769309576,107509166.614709,0.999777061439222,3.00551096232636,100,5.69206463129428,Short
3.06470809649627,0.00134899667354068,66434211.0540271,0.997563720302708,3.12599807764028,100,8.67979626730903,Short
2.67505319508105,0.00108674828981666,94825767.4717874,0.999037248404224,3.1182343849107,100,5.83105757279898,Short
2.93355031435594,0.00136436724364683,106931154.077323,0.998453967065264,2.95015227873882,100,7.18014178127001,Short
2.35530316552371,0.00118370716528933,115548482.79243,0.999677728688622,3.19989867049408,100,3.72043567812207,Short
3.10829633229012,0.00123958206891109,112996020.974204,0.999411520200821,3.01799476328483,100,0.924495170370666,Short
2.96933374170258,0.0018300566023334,86919241.4986631,0.998808800958411,2.99270686900015,100,4.57900295127071,Short
3.19967511911662,0.00156468279056413,74705017.6982203,0.999641026440334,3.22431066341842,100,3.94479390838858,Short
2.89918411108028,0.00100579546651986,97346928.3779931,0.996363319709105,3.07478245040842,100,8.67060182378947,Short
2.70185409498039,0.00220100498578974,91073703.229913,0.999975812119794,3.23661652354693,100,2.43995302352472,Short
2.86937234416835,0.00102999311284838,125924386.189427,0.998066430279479,3.16518397803945,100,9.66734227535108,Short
3.6860810145914,0.00155640691461714,99419378.9421093,0.999507131657011,3.09589886768363,100,9.58138119804496,Short
3.33842325089601,0.00140304764602891,87867903.8491599,0.998770040507722,3.20975593918203,100,2.47631643071439,Short
2.95940236577633,0.0010493314940003,114211030.922885,0.996302609767869,3.06584578862517,100,3.4805195547732,Short
3.01382566078568,0.00167938731763847,99832231.7845087,0.999353430880314,3.15962416618361,100,8.95555740873885,Short
2.87839628635564,0.00160311006388198,90849971.0062102,0.996144118990127,3.12313960778454,100,9.66622220896108,Short
3.67578218372472,0.0015640350773199,121246835.996843,0.999177161163254,3.05477398650884,100,4.43439102836044,Short
3.1291573641983,0.00135418870447907,123553311.925375,0.997038128413305,3.17352931389849,100,3.20997045640898,Short
2.77126676614178,0.00108735979036368,101980421.722538,0.997815679177476,3.19722263401584,100,5.26094013251542,Short
3.10058990470986,0.00144248474844918,87777103.4396755,0.996468332459239,3.08643410338538,100,6.87769206365735,Short
2.6670108285061,0.00148696969141105,103119795.609136,0.997786479528811,3.07388420189063,100,2.7347451537498,Short
3.3365670378608,0.00158077382914373,125557204.814657,0.99786404671042,2.9516049704138,100,7.36473174619073,Short
2.42741990124321,0.00101044872668307,87166779.3235316,0.999218473509737,3.13215129751956,100,0.51657357114641,Short
3.26062514671529,0.0014817339190723,78982495.182526,0.999335303535932,3.09542774264009,100,0.492944927644164,Short
2.82039456066965,0.00111472281339508,147177345.910131,0.996340750720071,3.18704204413575,100,3.86287705145545,Short
3.19600936601172,0.0010699574861458,59028238.3561711,0.998689506464281,3.07543629464328,100,3.53473192060721,Short
3.51215153862484,0.00210073568543952,111005067.757215,0.998512777718189,3.10011775783068,100,3.15633215367152,Short
3.02977699310998,0.00189567813225672,97325692.465883,0.996965317014143,3.08613591415861,100,4.9101976266891,Short
3.09533618119578,0.00105719276791428,98430018.8508801,0.99864562385919,3.29372055584685,100,3.20733582311571,Short
3.1790773872455,0.00144959124071773,70792629.531546,0.996198987815364,3.20973802933955,100,1.92257918468092,Short
2.60667315153286,0.00152855573568613,131418671.744975,0.997052638803349,3.18523174432621,100,3.09469549088601,Short
2.95296376785517,0.00140786035037273,89911387.1742741,0.99761313499561,3.1025835031344,100,9.74904272810235,Short
2.79142568706849,0.00146524923211618,102262857.553961,0.996482616250467,3.22167379016738,100,4.11113416994849,Short
3.30535355176305,0.00108320250926485,108340136.586037,0.999801596050618,3.0304152683203,100,4.44712776858336,Short
2.89402165978616,0.00115327743408624,110758565.457292,0.998972277609412,3.1740387710381,100,5.7654498995114,Short
3.51000140736984,0.00182578724076945,128375346.845452,0.998141583125858,3.14589764044718,100,9.83340768414227,Short
3.23894027940636,0.00102243541227101,101535738.936265,0.999092497809158,3.10270054385314,100,2.41601276435763,Short
2.60306539718435,0.00151009749355347,87854681.8048081,0.997028799833225,3.14027582958029,100,6.81282110532434,Short
2.72061784195154,0.00108913391125157,148646368.607989,0.996329915018964,3.17051521192141,100,7.15984693541724,Short
2.92793522896774,0.00119941054073867,113533571.196858,0.998306354952606,2.98395698209065,100,6.07324416793066,Short
2.94607421775023,0.001275902985665,88687581.0853556,0.998632405396947,3.16654143367663,100,0.885783396366441,Short
2.58026817944912,0.00169828914541929,71692586.2299823,0.99616117951275,3.13361363090209,100,6.76872275827576,Short
2.62327351733684,0.00119515727709966,134667545.924062,0.998222172010902,3.12271394415563,100,0.640947110361755,Short
3.17565619944603,0.0012265284479825,87260682.9437574,0.998045717875297,2.99896816641063,100,5.96142649549897,Short
3.53625886284873,0.0010997820932007,108950424.482016,0.998594389076436,3.13310979403376,100,7.39581177221743,Short
2.88686932840068,0.00186567553902147,99073866.0229403,0.996368412318013,3.14015576161938,100,2.1096989061995,Short
2.89022576975035,0.00149242979730775,91717342.8681439,0.997726764806129,3.12046995541994,100,8.41622007542774,Short
1.87212213363571,0.00144478830724579,106808704.74147,0.996955941858788,3.22774320626942,100,0.303538055330043,Short
2.33253723231007,0.0014545695621502,68381699.7353612,0.996758036821574,3.10678323899637,100,8.43812863658306,Short
2.62943726158109,0.00225253889722015,91989764.2030442,0.998633538079728,3.40867231499021,100,4.60329050642765,Short
3.34936016389615,0.0013514196093439,102192743.813331,0.998266726096851,3.1900941918573,100,2.17587939931644,Short
3.03554473381164,0.00159787672854707,97626804.252996,0.99661186238065,3.30643247558896,100,1.33778144993968,Short
2.77483918352005,0.00203348074864678,113270123.740414,0.998548033462527,2.95892777425387,100,9.53307167582373,Short
3.13117676860686,0.00104931283101511,116878935.943941,0.996829294135759,3.10250516622377,100,0.726655875811567,Short
2.71205302009719,0.00148025264419635,109161993.966732,0.996243101135678,3.11103653474328,100,1.99093419935926,Short
2.86126062738937,0.00221135186278535,65650463.6353332,0.997510261769111,3.15743692989025,100,3.47822347433046,Short
3.1382409956477,0.0015250552618039,80965829.1349354,0.997037884421676,3.21577851330454,100,6.2023484896112,Short
3.14998191578134,0.00116471716930286,102873679.28169,0.996784787869124,2.99616475150958,100,5.44801085276098,Short
2.86262825370707,0.00146896621301946,122381136.729857,0.996625544501792,3.00976376549791,100,1.25643492412314,Short
3.23174922964797,0.00131644229000928,116599089.696049,0.998421034199992,3.30737959992309,100,2.89727983738215,Short
2.91153774618267,0.00176185672245564,120389167.798317,0.999794967184679,2.97947485334256,100,2.38751771086024,Short
3.08642913648217,0.00138827017017674,81021253.0975119,0.998393785913709,3.18797764635679,100,2.13542854490341,Short
2.993222048961,0.00186421608426503,98450247.791124,0.997308601773507,3.15487565690259,100,4.11144336479987,Short
3.44412731115632,0.00103017673020007,97448228.474161,0.998200219520543,3.3431822114528,100,7.04031452591657,Short
3.4635165257838,0.00161679880632951,81993030.9896286,0.997008628250979,3.05555891834234,100,2.17452932217236,Short
2.68651311199378,0.00105708000293887,56402315.5096038,0.998573089046403,2.98354794883972,100,3.66678879702981,Short
3.27107295131693,0.00173885109159878,138732094.197515,0.997464242549953,3.15353127809155,100,3.90917426841162,Short
3.42975394641054,0.00116431138092388,86724500.8066933,0.999254598695715,3.30926858934621,100,9.7645652943541,Short
3.18091102274353,0.00102276537875007,80206655.9051696,0.997007007966928,3.12283195025678,100,9.54666356879069,Short
2.71095265229101,0.0011684607248285,84835198.325628,0.997819595800312,3.05704606976307,100,8.00137582752076,Short
3.54529744220425,0.00248349827512857,142740786.134973,0.999184075448103,3.17670687440467,100,2.41658920819185,Short
3.18542096417759,0.00124210411145691,104383448.049188,0.998833036605317,3.22513819092753,100,0.680373140916697,Short
2.65428851780199,0.00100982183457921,109763492.446213,0.997010041783192,3.21238763828623,100,3.16904137720625,Short
3.26106192405312,0.00168862520648461,131741012.293507,0.998071456492314,3.29306870541245,100,2.66794549433831,Short
2.55173070167217,0.00126445295486455,86269807.5176939,0.99913624743385,2.86140086559427,100,5.05925800146394,Short
2.72118032755744,0.00106949440747091,105217786.760494,0.99613838569505,2.98027840898298,100,7.77727910067793,Short
3.06716357451876,0.00124633982851604,66089757.977525,0.997143585307959,3.17491032821388,100,8.58322938878858,Short
3.05217804472916,0.00106712233327867,83032526.7109786,0.996178775523939,3.22234694230061,100,8.44864085410508,Short
3.11910858612083,0.00138767286658643,117408751.543508,0.99829303792279,3.0718133614877,100,3.59675561223068,Short
2.06545841105131,0.00109574341908342,120216330.256867,0.998101402685695,3.03593590523997,100,6.87234343460683,Short
3.44299736559377,0.0013804096501268,91949426.9222662,0.99641461815991,3.26290806439007,100,3.1283419752422,Short
2.57861788875952,0.00167163022849572,93726284.7521479,0.997902005740023,3.03167313589313,100,0.609055432351827,Short
2.76207836836008,0.0019146046694533,103032833.313941,0.997174880647061,3.09032552373785,100,7.01565265602942,Short
2.44027379614306,0.00117785514722218,87207638.201864,0.998991816962853,3.14371916505659,100,0.0982755256978785,Short
3.01504801544685,0.00141850505925255,96256033.2416646,0.998214689216353,3.1765239259832,100,4.09182587458489,Short
3.15162628097543,0.0014404513624798,111351683.102959,0.999506322425619,3.26415390731852,100,3.29379269302076,Short
3.17097478876627,0.00182300520837667,84737634.8535805,0.999176419138923,3.07962666336421,100,6.93377538518852,Short
3.24515997700672,0.00151750243230385,76104853.4760441,0.99999622634605,3.1860193266219,100,7.66245472760379,Short
2.1656261131948,0.00235411709478534,100074613.77735,0.999842952126391,3.16118440893851,100,3.04094635971284,Short
3.06378111285849,0.00105836939537259,107750354.449461,0.996098490471589,3.16347437814184,100,8.11627014444854,Short
2.95280716860154,0.00125967206488782,73823811.19308,0.999031054874316,3.18133428945025,100,2.93916760504934,Short
2.99863040669156,0.00135957769342591,88628910.9917922,0.997350272347443,3.0867391337355,100,4.46326359986561,Short
2.52616847174329,0.00144674454356674,85777463.6906007,0.99664922447427,3.0302103724543,100,7.27018527014134,Short
3.0923529123738,0.0014793115865144,110483562.319203,0.997799781309922,2.96953108269151,100,6.92920229224789,Short
3.00398770780097,0.0014537791984942,104069924.865192,0.999387609568117,3.09246613402129,100,9.873684723122,Short
3.16215444208404,0.00148232256689742,115347418.714895,0.997091769311791,3.14165050133507,100,2.25161024215932,Short
2.98912691920416,0.00145272238680932,142980986.915738,0.997601873317447,3.24567061464256,100,6.62317913539582,Short
2.53471050398894,0.0016776326227859,122471295.963329,0.997079269214827,3.16292611396297,100,6.09681908275777,Short
3.14266328916414,0.00116841716150123,105678645.274438,0.996925746301376,3.19912080943075,100,9.1509845449003,Short
2.53767807285355,0.00122053934932444,99816822.384754,0.996105955112771,3.07496941653567,100,1.56362141644875,Short
3.22951018862291,0.00101970789139572,63405946.0611684,0.997708375663036,3.09873689211042,100,7.51798163586933,Short
3.11753629842338,0.00147449039748065,133835668.658341,0.998634368660858,3.11658689688989,100,5.68268616268768,Short
2.85330816154539,0.00169953974196695,98996810.247968,0.997409501465368,2.99395411431628,100,2.74665869787905,Short
3.49912747611776,0.00123153949098358,114596378.995243,0.999726274630946,2.95876043561013,100,4.74434914147174,Short
3.02274122409205,0.00177103715236076,90350808.1615629,0.996416841759905,3.16694751829642,100,3.33776597069798,Short
2.56736922396539,0.00168797180509636,106121252.94459,0.999522589942038,3.33979526435865,100,5.79313402788461,Short
3.08621410364768,0.00148528081791319,105071681.89903,0.998689487932447,2.94606387560415,100,8.89000610814666,Short
2.92456425978807,0.00142887619879835,94863355.2199544,0.99674233333057,3.00850126898671,100,5.69304984412202,Short
3.14837976312613,0.00184664548359496,134816187.448483,0.997613601337599,3.20203380026667,100,6.31722418326584,Short
3.33589401055756,0.00158550619229597,63233722.083325,0.998426696535146,3.00497341348982,100,5.18747847114709,Short
3.77759985721585,0.0021046801111043,98148769.557008,0.998108048796831,3.25528426472771,100,0.511655064454759,Short
3.00113438897292,0.00198722961644558,103546025.603164,0.996587642469656,3.17306638001699,100,2.32858556876094,Short
2.94599872553652,0.00123489272323602,107414878.466183,0.99864090665116,3.29016508453682,100,4.92001729432083,Short
3.35987002061842,0.00117507201225793,119340150.983233,0.996527441080291,3.11350347950197,100,3.10235283744705,Short
2.65241161141992,0.00179869562191946,93482574.6335219,0.999647524406565,3.21732962280716,100,1.81763597761194,Short
3.0521891844518,0.00105822263945929,102385759.511994,0.996897626089576,3.13041661463373,100,5.04132841918438,Short
3.06105364668152,0.00132288304432981,62538301.7515163,0.996615546438991,3.17060784499323,100,3.2280979344785,Short
2.72454537411562,0.00152800959479318,112125600.730053,0.999272993753789,3.12282310820909,100,2.58107643173415,Short
2.94143446025197,0.00151193416500954,91137922.6489737,0.998280094181521,3.04128792092397,100,4.63985417440381,Short
2.37731728327167,0.00211798917379678,119405459.189482,0.999338219950244,3.14327630190315,100,1.33284258082173,Short
2.49320582543886,0.00159435164176533,58843660.0989249,0.997177572162351,3.15112165652344,100,9.27745733075407,Short
2.90023786711698,0.00125995716365614,89926962.0090162,0.997860899253374,3.27971466517636,100,8.67702097919239,Short
3.32557193730567,0.00124541607964752,99251878.1873857,0.997461931601385,3.16455328337725,100,7.07620585740535,Short
2.8281846233558,0.00107791758089331,134003005.585661,0.999214360867876,3.19978665316858,100,1.06213827588456,Short
3.05390658322371,0.00118842633744427,101305148.49267,0.999153375090433,3.04261987355154,100,7.75877254469693,Short
2.58204990226419,0.00194317192021737,125472302.686863,0.999834024473041,3.19348105844754,100,8.07957328109019,Short
3.21382550696543,0.00150186242337694,99261031.7927177,0.998712559145023,3.14167530537284,100,7.67764617714338,Short
2.7815036616926,0.0015886076446992,99436617.6901193,0.997763525064476,3.24140689637091,100,1.13965887119241,Short
3.3312972759071,0.0013631585532449,62595124.4847623,0.996574138676091,3.33134384010523,100,6.43907957067765,Short
2.88031143421607,0.00101628735045337,117690598.270598,0.997335843807943,3.03951101161997,100,8.34324795749399,Short
3.09583115006453,0.00179100022139546,83415038.1636803,0.998259929946608,3.26915066272451,100,5.77353401219668,Short
2.80571640536434,0.00111011349663075,121968195.618639,0.996194773218794,3.0723344841506,100,6.46407375228089,Short
3.26456709123679,0.00100300922241522,124123244.442169,0.99712715176231,3.06659988002977,100,4.58363479426306,Short
3.48578783587464,0.00171697027055079,106651803.252763,0.996286247994325,3.15649439653638,100,5.28707319884053,Short
2.69976495262048,0.00111790014297605,100940106.88551,0.997891872552287,3.00589945282037,100,0.343768583517252,Short
3.30671084859812,0.00120323253596759,110114379.979294,0.998964918874684,3.20022152426485,100,6.38963021973285,Short
3.03185329508495,0.00103292754377853,119875268.019403,0.999788715577453,3.00513907540029,100,0.814472128911592,Short
2.73689193641322,0.0011013350039154,78531219.0771764,0.997099872071976,3.07195897393473,100,4.35014594340223,Short
2.93676220822272,0.0015496480030243,105086291.78079,0.999514905694765,3.18490807069955,100,2.92655097667408,Short
2.83641343224954,0.00112101133798452,74897988.749293,0.998789632425307,3.20655413739645,100,5.45427950211713,Short
3.17565839730829,0.00124898811893754,99894014.4025777,0.997872382157673,3.2896229886921,100,1.33416335523207,Short
3.36101356579789,0.00121816758964083,63646424.2583089,0.997744879303938,3.22334357859856,100,6.91643401973318,Short
2.60238728094433,0.00210456034195795,80008433.587457,0.997600549351534,3.18696405839291,100,7.9501153692847,Short
3.00258117777611,0.0014424300658568,97975058.600197,0.999335199731778,3.10012169969176,100,1.63354449743156,Short
3.18631921400017,0.00130561871696447,98896323.0380174,0.998482203109218,2.95506575421262,100,1.04313087351882,Short
3.39119468069071,0.00143454974832155,115192214.715328,0.99753426676417,3.15210969587005,100,1.45515482787359,Short
3.01054688516236,0.00114387615907666,82247804.0713051,0.996128234364171,3.18855619786261,100,8.77127561898502,Short
3.34948512930078,0.00133782576463263,100321584.785673,0.997093704870864,3.12437493604031,100,5.28189261756356,Short
3.0340468456543,0.00131806401185983,92168495.9574629,0.996316382011217,3.24472062901376,100,4.67260996007503,Short
2.89282069311385,0.00115838450193002,107725702.529771,0.996955792430179,3.14916484543596,100,1.06711819102354,Short
3.44815489897224,0.00110955984615291,113167446.241066,0.997635929845283,3.01885318050934,100,6.49556006756962,Short
2.99466815681829,0.00114377907498053,103780988.265307,0.999232201394005,2.9715274732652,100,8.6799959189509,Short
2.96328689151771,0.00116155149255774,103200189.797841,0.997336808415665,3.18134638638839,100,8.28185869323453,Short
2.99267905196883,0.00110090661996373,92694882.3634939,0.997509586681707,3.24554229851625,100,6.26054708980801,Short
3.12835837496811,0.00171876031015408,114644861.665676,0.99759302357635,3.45035636781081,100,0.752787166516736,Short
3.32495817769908,0.00139469572461001,96052140.9625213,0.998042773771541,2.95349136909115,100,1.12397027176013,Short
2.90185484512939,0.00168307757224487,99247102.8952546,0.997887607045015,3.35620254590846,100,0.493089871098247,Short
2.72935227763405,0.00230162117580386,103017867.27698,0.998663124107831,3.06483935578389,100,2.57479216492469,Short
2.99045268514239,0.00146227083855056,67197376.6584997,0.997924904476319,3.03750913453543,100,1.35661467160378,Short
3.11306996413716,0.00126549446307694,109751540.703196,0.999210088480657,3.3403760390298,100,2.60048040252434,Short
2.59977814677394,0.0013043873759826,105510627.694124,0.99678448051848,3.08917483462913,100,3.85058055718962,Short
3.30414853313794,0.00134101111898324,95969445.6122131,0.999257168183271,3.17363740432772,100,9.42982784071136,Short
2.98710471820877,0.00110628564251648,39457158.9981585,0.999660192584793,3.0042457923475,100,6.10376059781692,Short
2.83683960522516,0.0017016385693628,75320291.6089987,0.998256537052138,3.16113823984283,100,8.34973785682962,Short
2.25738959675816,0.00213527110593514,134612049.955041,0.99737023263282,3.35084850989738,100,7.10351500712332,Short
2.67354604955424,0.00157393199536615,111012892.580006,0.998250664127753,3.05942261000107,100,1.12503130526632,Short
3.21096851837918,0.00163748530058439,91537641.9528924,0.99889359587602,3.2198319613081,100,7.35920406373949,Short
2.75401934904994,0.00124265388257282,93058789.3067132,0.997769804925688,3.01154833885653,100,2.75098881559124,Short
2.81394607679404,0.00111297397550487,104531906.267568,0.998612953275257,3.2021601263905,100,6.39107846994706,Short
2.9658351284892,0.00105749908460346,130498219.564959,0.996275478211569,3.07035953521744,100,3.40961973642989,Short
2.88202257790775,0.00152699137539626,66733346.4189736,0.996316217090379,3.04199060411072,100,9.97672263264659,Short
2.4715991941194,0.00133862883058974,87912635.2430204,0.997992529713115,3.09738894360866,100,2.63551479496778,Short
2.74415991219656,0.00137580454133183,146436304.582309,0.998689323523603,2.98363330666927,100,2.7913047077427,Short
3.03112272005505,0.00104390496303775,75811863.2734596,0.997055810858671,3.32525230261008,100,9.30672255562398,Short
3.02173973199457,0.00137740347419273,53289766.1601531,0.999853159007998,3.11085495492929,100,0.246444046363227,Short
2.89757226757233,0.0012025662889812,171805297.127592,0.998102725510073,3.11361659351413,100,6.96688987873197,Short
2.94112608145643,0.00153454135640543,104439705.762556,0.998655610722049,3.12310572820763,100,7.25326390735878,Short
3.34796184207445,0.00133553511377072,88387491.0323092,0.99632462309226,3.12060914081208,100,8.36378577410399,Short
2.91503329498942,0.00158041850528198,73758831.8338694,0.999951989043463,3.27144199562114,100,9.74439310638475,Short
2.85922311822705,0.00118644641883194,65160556.8566058,0.997791182631325,3.41813907217975,100,9.75601919156652,Short
2.76368041799288,0.00151423918967917,83765992.485511,0.99704172784463,3.12946267900065,100,0.652767575664639,Short
2.97092376323044,0.00205674852724063,146203086.653754,0.99806180816571,3.27662440879148,100,8.21839322752903,Short
3.30972785040046,0.00111813163364906,93369661.107426,0.999658446218805,3.15130597128868,100,6.46309933657381,Short
2.87867286802674,0.00105439263858653,109052898.719303,0.996117705203477,3.00584708327205,100,6.47342134373091,Short
3.23083068206919,0.0012661373312432,112910860.06836,0.99793010273125,3.19013226445298,100,1.28349926614695,Short
2.69155707100835,0.00113761334652539,93031090.8267083,0.997546269118234,3.14663913609581,100,6.50187166445653,Short
2.92597917371309,0.00148407396859076,88762645.1299422,0.999054008530842,3.1813717819999,100,9.82482580601248,Short
3.19347187286248,0.00103480907044855,101454355.290272,0.998067876016066,3.21038200839942,100,9.11818569539447,Short
2.8092576527155,0.00142858973706953,119770083.252713,0.998284874122964,3.12521997966014,100,4.39130660804851,Short
3.1055847323037,0.0018204176813,115083552.733773,0.999700461500368,3.20524903696924,100,0.399479732860943,Short
2.5416127750643,0.00109257336908092,94169311.590807,0.999575448726837,3.22551379752152,100,3.62293490000205,Short
3.24512824174096,0.00192277285655683,102281650.998536,0.99665571142109,3.14034112878476,100,8.26390311600555,Short
2.60385201293305,0.00119071972715196,133956346.395517,0.999041180079469,3.17427488228201,100,7.01499101465166,Short
3.46784312254536,0.0012680822173705,77019643.4119502,0.999220470865311,3.05638117447836,100,4.59343655593956,Short
2.65989500368777,0.00145542267720315,102877667.59119,0.997982391622148,3.36134980564978,100,0.551015351588311,Short
3.21611695538787,0.00115557374329338,125625012.641051,0.996929731993994,3.22281389453249,100,4.26894727823303,Short
2.80326426893801,0.00186334169803151,97433114.5205327,0.999752244620851,2.90137178583791,100,4.69024939717884,Short
3.18898638086404,0.00163305483756675,98506636.6722868,0.997695426913462,3.11483505985158,100,9.28555532894136,Short
2.8938394987337,0.00142000625860763,88646028.8493248,0.999523271890576,3.16217519822477,100,6.41086103582159,Short
3.28293948108099,0.0015113563768047,86674741.9582451,0.999854166431188,2.99619364575278,100,3.11652916654649,Short
2.7462082483655,0.00118122199772246,93365939.5604708,0.9997890464444,2.90580582673841,100,5.25318264450721,Short
2.69728327320466,0.00100170470454358,136234469.023357,0.99666890093373,3.11077234038033,100,0.660553078221601,Short
2.99554228276284,0.00127150129202688,77666589.1405837,0.999528221379279,3.12260840157198,100,9.72568235649737,Short
2.13674977521027,5.7477878866144e-05,41647783.0976592,0.518935644580586,0,3.15744791204975,6.44856043429727,Mismatch
2.11663015859743,6.35225860860003e-05,28334142.075563,0.486394588122198,0,2.89403996482001,3.73938713603775,Mismatch
2.55556755026388,5.36021869594437e-05,33856762.8633572,0.466250572752159,0,2.74707662041447,9.50941351865834,Mismatch
2.43876595048573,6.23109578730616e-05,24176466.9732982,0.558860672902341,0,3.53371503547051,0.222028129878503,Mismatch
2.34094380311911,5.56029760585445e-05,36831438.772381,0.531819498536872,0,3.2718566744017,3.03723851631826,Mismatch
1.80680129810475,5.25311132915166e-05,43017905.4935878,0.473716246924375,0,2.80023131687405,9.21069486299581,Mismatch
2.80189946766845,5.03046615250635e-05,27441592.11982,0.497409666937412,0,2.97938413939,3.2093543831944,Mismatch
1.9805170554645,9.84658984181895e-05,30562254.3694171,0.54418155450195,0,3.38771186149499,2.5225283385517,Mismatch
1.8716241753016,5.04236810722294e-05,45585788.0049085,0.445729124612426,0,2.60834402240872,5.34220409931247,Mismatch
2.24751201312931,7.40459626104802e-05,49462854.0703787,0.462536007056461,0,2.72117951389927,8.23801749920538,Mismatch
2.0820464986925,9.08814807901162e-05,38603650.793527,0.445963183426151,0,2.60986840616109,1.03146760878361,Mismatch
2.56653055645563,7.64588829264436e-05,47472718.1121896,0.57613432803437,0,3.71847599907118,9.43020709645736,Mismatch
2.31561245134485,5.77142332334984e-05,35933328.802869,0.567905194753147,0,3.62861384981801,7.95072881181164,Mismatch
2.42328770266655,6.03456201835156e-05,30424665.182199,0.568031702122659,0,3.62996939781889,1.81250255551552,Mismatch
2.59268479020479,5.96552903243149e-05,37132341.4475401,0.562792602505831,0,3.57448801521404,7.12007961198163,Mismatch
2.09652686533052,6.92044755268415e-05,41396671.7232523,0.555957969682103,0,3.5040781355048,3.84958722637557,Mismatch
1.51643461394842,7.21834815830422e-05,54002162.067445,0.525559066892828,0,3.21548787306726,4.02294678076319,Mismatch
3.07635738118631,7.02307034554016e-05,25376934.3473007,0.551912830438689,0,3.46341724526067,7.83290092438866,Mismatch
2.29563528502969,5.8224132998003e-05,40221058.7344734,0.437814138736241,0,2.55754233218196,9.62784807980732,Mismatch
2.47048652661619,9.23765496334179e-05,35760981.5300714,0.548756482358113,0,3.43219663398518,1.26655872847194,Mismatch
1.33366927492663,7.20616164050873e-05,40326232.83695,0.571442336545092,0,3.66681655830532,4.20630236878819,Mismatch
2.49457544267341,8.39126616518765e-05,33452111.9769579,0.529471277242572,0,3.25053754057659,4.80941608084304,Mismatch
2.65895381540744,7.51754491265498e-05,30316298.9141164,0.504493008731698,0,3.03626999264086,3.76311816954998,Mismatch
2.52207246684528,6.16045377895998e-05,42798964.0523566,0.489293041667305,0,2.91614010220147,3.63189123716225,Mismatch
2.69387006177631,6.45719363456924e-05,43165696.45971,0.551991706853282,0,3.46420307524312,0.522686675615965,Mismatch
1.91221885130548,6.97180258823607e-05,38542496.3789991,0.5593939002876,0,3.53920179794486,6.85538620562623,Mismatch
2.38512213925601,6.03944938825943e-05,34047360.6485555,0.583892599000211,0,3.80645139979381,4.36214417120045,Mismatch
2.70094806159189,0.000108516264418088,35512755.1236602,0.501681963362585,0,3.01350112369149,1.94793802643927,Mismatch
2.96632934004798,9.48003739360549e-05,39215055.3130075,0.570322932020958,0,3.65465846107838,8.16033502302068,Mismatch
1.93112472133171,7.32934731369467e-05,47700599.603436,0.539386351771731,0,3.34203373628401,8.02560748151628,Mismatch
2.49619778138235,7.91301529104441e-05,47413450.0896335,0.585428193692112,0,3.82425473601712,4.86391628088894,Mismatch
2.35439471559265,7.73929029596209e-05,37754431.2077329,0.533986174231598,0,3.29171816244343,2.98450661147761,Mismatch
2.08803960715064,9.83728697609368e-05,37387006.5797799,0.532321795233706,0,3.27644474259695,6.38092725796452,Mismatch
2.23208784623851,5.12716379677688e-05,54371670.378351,0.542000356083251,0,3.36681562216136,2.88152135777403,Mismatch
1.8907451513897,5.51273670911385e-05,38521598.1808157,0.567471525925775,0,3.62397303271365,2.36007930323712,Mismatch
2.68529160292328,7.22845646367527e-05,42612918.7359925,0.595717493483057,0,3.94703571824269,7.30514654026327,Mismatch
2.54612451808063,6.96787465458959e-05,31517996.697965,0.446036325434872,0,2.61034503132365,0.403252397209507,Mismatch
1.5988744019375,6.78004589467562e-05,43915175.5671481,0.441364485681058,0,2.58015190358653,0.94768471034594,Mismatch
0.643778789923876,9.57153311788985e-05,40874975.5641562,0.592362961342674,0,3.90632550611101,0.0678817402358978,Mismatch
2.64455546806633,6.4507400032675e-05,46250485.9516057,0.53432203080695,0,3.29481343827731,1.52943186475426,Mismatch
2.19237898337766,9.23686964441746e-05,45632939.7059742,0.54775222336468,0,3.4223545218504,0.689900087104595,Mismatch
2.61920246529396,8.60701640972678e-05,31171274.7615782,0.526474278800845,0,3.22363540239209,9.95802367779919,Mismatch
2.16546604271596,9.74166846523562e-05,48030343.7823807,0.450622828460193,0,2.64048617891121,2.8880996995409,Mismatch
1.99972031197259,0.000109476855360253,55417008.0177509,0.570089775804817,0,3.652134067628,1.49268012669247,Mismatch
2.02020694699585,7.80352721432571e-05,35253552.9573972,0.567177977927115,0,3.62083696763288,2.40996257995918,Mismatch
2.00616497305896,7.04616300671769e-05,20496648.4192499,0.495911207543938,0,2.96755498223922,9.36125571540135,Mismatch
2.46662730121613,0.000104842146687899,12535904.3520405,0.494867712991681,0,2.9593588678426,5.20160223024396,Mismatch
2.83785469607043,7.29769050889347e-05,35468673.8112772,0.579545924307939,0,3.75676207135828,3.64818096307857,Mismatch
2.4113986207136,7.4862412718782e-05,40959023.4662492,0.445758594941458,0,2.60853588661199,8.73391457909219,Mismatch
1.92274500079947,6.65933870883899e-05,33542198.3789833,0.585204899416096,0,3.82165772253485,3.94990270549032,Mismatch
2.50541939328384,5.5875184449285e-05,52998130.0673643,0.485198495991351,0,2.88499253484387,3.35008569957696,Mismatch
2.64038182494582,0.000114465281520405,33211841.9842962,0.544364865203845,0,3.38947712163324,2.07282522549736,Mismatch
2.79933636492166,5.28573278563943e-05,35170813.7616825,0.592168931285504,0,3.90399126850267,3.77796823909411,Mismatch
2.7298536565359,6.43639163460041e-05,39420818.5352551,0.557246260132883,0,3.51718375230497,3.16684356016926,Mismatch
2.45980272612264,5.22183638934417e-05,39990615.417596,0.514756817605922,0,3.12164471870055,6.77303959298141,Mismatch
2.60775200234487,8.56927675858433e-05,28665486.3340247,0.558917711509826,0,3.53430131335812,2.89582704670727,Mismatch
3.04771213346156,7.33720982893235e-05,36922402.0255191,0.501988244016244,0,3.01596945447456,5.77199746422561,Mismatch
3.08087874324176,5.01289597115484e-05,28264861.5230087,0.489260113728819,0,2.91588762452378,0.658921650319727,Mismatch
2.12583242595396,7.97959158011243e-05,49372306.8915252,0.59960159693449,0,3.99502491690202,1.91289156696514,Mismatch
2.02522531562662,7.3248054090628e-05,44561506.4412434,0.567678367794637,0,3.62618534676968,4.07405271611349,Mismatch
2.01916359611115,5.53851594678115e-05,38817574.3886416,0.552280233353799,0,3.46707996607273,9.36949253908695,Mismatch
2.51118555038502,9.02033085712968e-05,49006529.9047712,0.504083188695006,0,3.03293446482898,3.77251985715695,Mismatch
3.0774788534661,0.000106886516819676,45276917.6282212,0.440362392350737,0,2.57374124373257,6.64074121199834,Mismatch
2.50599421650574,9.88899491431444e-05,33352240.8241443,0.436077290436143,0,2.54658531405273,2.55087222421398,Mismatch
2.05604825804869,6.2538537799742e-05,51743181.9719551,0.538241871222651,0,3.3312718831732,1.27033575973232,Mismatch
2.9005763390385,5.32176710783906e-05,50520898.7443292,0.569248576771745,0,3.64304908155858,0.585366000800501,Mismatch
2.97392480347159,7.70165029124518e-05,30106441.2743247,0.535539235541782,0,3.30606878566578,3.05413498542751,Mismatch
2.08872730085378,9.438294486431e-05,34699672.9546307,0.579935855222487,0,3.76117760790867,1.57661026796908,Mismatch
2.87086460833144,8.98731817672731e-05,29009572.5812355,0.436641903453238,0,2.55013979963983,1.74010448016124,Mismatch
2.35197742973763,8.89927475602496e-05,31806314.605477,0.506188460367183,0,3.05012811463891,7.6075930838695,Mismatch
3.39408862203226,5.72533923630938e-05,51340005.3133608,0.481274742710389,0,2.85560558676127,0.158380709448742,Mismatch
2.7232558892484,5.22662201890125e-05,39260705.2495353,0.520488271705835,0,3.17090945223568,5.57810125735434,Mismatch
2.51295565322721,8.11667648021359e-05,52857145.5804261,0.445763003478418,0,2.60856458979118,3.79461380593465,Mismatch
2.71416011517359,8.48622380835148e-05,46966360.256739,0.594418999590374,0,3.93119746235661,5.06549999908547,Mismatch
3.46279979661658,8.95432263693665e-05,44142995.8411067,0.478471716865777,0,2.83488310160404,5.62830237214603,Mismatch
2.49047701691092,5.92104573378444e-05,45798737.2957822,0.590454448519401,0,3.88346166322538,3.13367694457278,Mismatch
2.14925118512184,8.39069013667376e-05,23032285.0068211,0.516772784346171,0,3.13883973255502,2.95108860184285,Mismatch
2.98692669460789,5.77355352523774e-05,34876778.3241341,0.598255319260859,0,3.97828619988283,7.33401849334906,Mismatch
1.94568670431537,6.15704916662077e-05,45715569.2389982,0.538222221259953,0,3.33108757519032,8.71276988121157,Mismatch
2.19224072349705,5.10977181556987e-05,26185329.6371609,0.591524066896229,0,3.89624929626371,1.92581632458528,Mismatch
3.32641082205268,9.62988108484084e-05,26288404.1789189,0.429878388879521,0,2.50802348304133,0.97618760535149,Mismatch
2.89530566836906,7.69751492664446e-05,51044990.7343986,0.567320421859891,0,3.62235820927135,8.97795806392026,Mismatch
2.3224295537404,5.16990603316092e-05,48271457.6440474,0.588017571795706,0,3.85457597965377,3.49895463647399,Mismatch
2.20699070072491,8.03306799153978e-05,31411171.6965176,0.460855530417285,0,2.70958085046843,5.51317390662814,Mismatch
2.23638039641206,5.71803860585022e-05,44811842.7507481,0.451181011177435,0,2.64418877759823,3.59543144520003,Mismatch
2.1960665165156,0.000101064033046163,50844369.6744757,0.516541404206744,0,3.13685891077893,1.25802336346051,Mismatch
2.20816447441677,8.01883254742544e-05,33047347.1064755,0.591879908735463,0,3.9005183591994,5.89331644947728,Mismatch
3.02991129837682,5.01893029500113e-05,15126827.6910129,0.536347981478986,0,3.31357984028566,5.2514085176963,Mismatch
2.11428670203252,6.58932937434955e-05,59776281.5775767,0.5339282408285,0,3.2911846955826,2.02993559191197,Mismatch
2.35572426619036,5.37196582016737e-05,34404877.9073407,0.461161777189925,0,2.71168917744898,4.51869044652278,Mismatch
2.36739779690729,7.67991307819863e-05,30033298.3525009,0.428764712826883,0,2.50118426663983,7.96947504015646,Mismatch
3.22711807447042,6.8622747299642e-05,39657422.6052993,0.575840748924394,0,3.71521013611819,5.90426103107891,Mismatch
2.34231359464641,6.05695358993582e-05,48987997.4570863,0.449242436955013,0,2.63136184447936,0.969173270669949,Mismatch
2.15797693938003,5.04816914350037e-05,21516018.7850474,0.550640029617396,0,3.45077472810299,5.48021497229135,Mismatch
1.91982440068508,8.60425614393448e-05,34946730.3384782,0.589484622477324,0,3.87192468177279,7.02738299289587,Mismatch
2.60608020181432,5.06344375394342e-05,36394604.2072363,0.475475581467875,0,2.81297786973765,7.92703405780751,Mismatch
2.59130499132236,5.33807012490748e-05,46498173.0642609,0.555348966175033,0,3.49790925435537,6.29117578634267,Mismatch
2.4056186772043,7.88030534146584e-05,44127459.7931091,0.447215715603549,0,2.61804786506126,1.52658164540784,Mismatch
2.42734887966184,7.60777820267494e-05,41830695.3672336,0.546035693613962,0,3.40563271575642,7.10173266590161,Mismatch
1.61272461326648,8.75555350966819e-05,57235993.7431596,0.466082572594897,0,2.7458975814298,6.77341846081516,Mismatch
2.50806549915158,6.5653833120455e-05,57801592.9960301,0.56558856195372,0,3.60393034077277,0.244268829406332,Mismatch
2.50831292481061,8.63770971301482e-05,49897334.3659731,0.493907524948013,0,2.95184694219086,4.11747667590243,Mismatch
1.78013647439658,6.21624336020924e-05,27306651.7824512,0.523251786654792,0,3.19508651320697,3.32950246962373,Mismatch
1.90247030846828,8.53855154698581e-05,41521091.2844255,0.545366285866014,0,3.39914581304143,6.69412064253643,Mismatch
1.49098053271145,7.11952747347624e-05,50668102.4032915,0.467647631099104,0,2.75691011599936,2.16135812310921,Mismatch
1.72737865451401,7.00095176838706e-05,51012510.7540985,0.566391596068346,0,3.61245672792643,5.90871922974259,Mismatch
2.72223741237314,0.000118490716071983,30402720.229437,0.494178054014802,0,2.95396051095522,9.13205961814172,Mismatch
2.19795258633713,6.85631747257577e-05,51829870.2339447,0.554918375700194,0,3.49355778986913,7.97802372208608,Mismatch
1.97964894320016,7.46824044700082e-05,36324135.2361979,0.464872144091732,0,2.73742457604906,9.2145773621653,Mismatch
1.76239149829504,5.57809641955466e-05,33704251.6112101,0.558710918487346,0,3.53217648880953,9.7850596693269,Mismatch
3.09535220039117,5.05937008342053e-05,37046634.1526461,0.458329580232201,0,2.69228210921569,0.106701270061628,Mismatch
2.8642566644593,6.40068805118902e-05,49384377.3841269,0.516678780258142,0,3.13803474440498,6.22741276377478,Mismatch
2.13864198679107,5.76259671060327e-05,38901517.4667283,0.483312159589887,0,2.87080911060832,4.12839397758906,Mismatch
2.1538840222821,8.84753142134446e-05,40833716.7802281,0.567339578832423,0,3.62256287414227,8.59854490335122,Mismatch
2.09547164028417,0.000108017514090152,41806287.3699069,0.486264314049968,0,2.89305250676031,2.51814702009132,Mismatch
2.4837670857245,7.02713385646909e-05,33181153.777239,0.58528387800267,0,3.82257595959309,9.81029489115076,Mismatch
2.11380092048656,8.81791097645727e-05,38822461.1318899,0.586582990596547,0,3.83773031710992,6.13707969543747,Mismatch
2.87319178826842,7.6019131170671e-05,45560675.3122565,0.47294383154075,0,2.79466197283418,7.93537402228831,Mismatch
2.52555598931458,6.31912555030835e-05,45264317.6938244,0.547590014923064,0,3.42076891751159,0.855995528227683,Mismatch
2.93695077700461,7.13451639293739e-05,40634585.1671109,0.449274985503359,0,2.63157646257995,1.83457884758865,Mismatch
1.92857926198497,5.26971821481278e-05,49824993.690316,0.510680097953429,0,3.08730564940244,7.58403673034203,Mismatch
2.70096225811978,6.03192332642761e-05,25154133.6599929,0.562361571679598,0,3.56998259425191,0.219865220393236,Mismatch
2.63536315185256,5.49065147752205e-05,37057143.3771744,0.554479859083063,0,3.48913487027487,8.16877985893783,Mismatch
2.08307777906583,7.88239391839887e-05,40009176.395003,0.549250166800549,0,3.43705100410991,0.139490186919115,Mismatch
2.3373108896916,8.03113082512262e-05,29799002.3787738,0.490291492280244,0,2.92381129549367,6.57118839061273,Mismatch
1.65914599840689,7.2737124502488e-05,40587552.1444593,0.508241554866634,0,3.0670374241516,3.65093920231806,Mismatch
1.93641556390534,5.28532980480672e-05,34859464.4931185,0.452717413845517,0,2.65441921705043,6.11494852719199,Mismatch
2.13970730969075,0.000180382076669613,40545831.6175198,0.563178978413821,0,3.5785342306504,6.96031406989114,Mismatch
2.52980021415601,0.000109402921973573,43483107.6726405,0.530056769550583,0,3.25583319518691,3.42475219186304,Mismatch
2.35792225262559,7.92428180798383e-05,63041116.3426018,0.561706128440914,0,3.56314844851848,1.07962448110836,Mismatch
3.36323436707815,0.000116870130789315,43601367.838607,0.483659806215054,0,2.87341528719531,0.696458677482656,Mismatch
2.02940688809207,9.74760598830244e-05,38543365.019703,0.498326585921538,0,2.9866573429526,5.88936022562548,Mismatch
2.8758126876218,7.50785531856844e-05,49240105.1068106,0.500165321056089,0,3.00132300589017,5.20655353734112,Mismatch
2.18900037097589,6.15281803408122e-05,51927364.5840899,0.434806899590164,0,2.53861361462082,7.42201009121132,Mismatch
3.06850546562517,7.8468804929468e-05,21833513.4620515,0.501442303640092,0,3.01157180924593,5.09735510003937,Mismatch
2.29388176184308,6.0177392138423e-05,29062641.4073205,0.574916400002394,0,3.70495686027705,4.22445790030879,Mismatch
1.71873987155477,8.58442128993782e-05,44234130.8000092,0.587284034865785,0,3.84594774362461,3.98087178236231,Mismatch
2.93843740858953,5.21842913673826e-05,41694048.3478859,0.53241831203889,0,3.27732747345389,0.264469025976675,Mismatch
2.32436263298819,5.43412330969413e-05,46976307.1375532,0.521903117365335,0,3.18325254282883,3.35557201696657,Mismatch
2.72681822496368,5.38330135849163e-05,45305952.3819113,0.436021890082711,0,2.54623692804906,9.76020157524494,Mismatch
2.59664779641834,5.56270619504943e-05,44281958.0462067,0.58495947132286,0,3.81880650637807,8.73555576227089,Mismatch
2.48846558367898,9.99142863843734e-05,25776602.2276948,0.43173993630432,0,2.51951532013881,3.29378067034218,Mismatch
2.49663915607442,9.28745042215449e-05,43344604.2686701,0.593258265538757,0,3.91712512031532,5.87795405066372,Mismatch
2.72537465853744,5.92063254846322e-05,36460375.389042,0.527613848902367,0,3.23382437303214,8.47296745535494,Mismatch
2.16859864528375,7.91297333375606e-05,46561352.3786912,0.501607532553355,0,3.01290174036209,4.41274336750069,Mismatch
2.71297697985647,6.93009926564894e-05,62041872.3505599,0.590694660217201,0,3.88632765226399,0.17957863750151,Mismatch
3.66145790005163,6.11691001977663e-05,48122803.8863713,0.434482938323568,0,2.53658648966515,0.745104618186401,Mismatch
1.81203607115174,8.00804839041575e-05,40840299.2774592,0.542557828490762,0,3.37213734230363,5.10392721348707,Mismatch
1.86434003746538,5.03317350477644e-05,38778208.0349274,0.537400989672779,0,3.32339878674901,9.69439375675878,Mismatch
2.78023219511593,7.6330209887397e-05,36888508.7426064,0.477667763829651,0,2.82898060181707,6.93209542218868,Mismatch
2.42273158525931,5.02004386211597e-05,34664944.9229337,0.517296607722052,0,3.14333114702532,0.709161914385695,Mismatch
2.45780074818144,6.41915915351673e-05,45352609.8448509,0.55341153484007,0,3.47839600891565,1.89360875791863,Mismatch
1.94015602106584,9.47061696453135e-05,51819722.5866162,0.564336289419583,0,3.59069679532289,7.7132314321685,Mismatch
2.51021126285482,7.27071351103151e-05,45337066.0725932,0.428746931886659,0,2.50107528805987,8.41439759956245,Mismatch
2.16016073162766,8.37466589279905e-05,17958887.6951013,0.59227609008571,0,3.90528014513652,6.17694586188591,Mismatch
2.45175005879458,7.73768016526684e-05,39621446.0531086,0.466209465620785,0,2.74678805858922,6.44423169629817,Mismatch
2.90295383941713,6.01040140929825e-05,54154289.9614957,0.480569487691446,0,2.85037065133354,0.283374503833846,Mismatch
2.19552987544993,6.79621277732226e-05,39186600.0660307,0.486548886077374,0,2.89521016854077,8.28530259581509,Mismatch
2.48304144659852,6.75221908092712e-05,40996848.5850041,0.437685771812234,0,2.55673020482805,7.8827520817083,Mismatch
3.30277495697427,7.04816644568873e-05,47088195.7622018,0.45719702517569,0,2.68457818538549,2.59035144103347,Mismatch
2.87984935129447,7.00613944717075e-05,41209881.1474131,0.598355255486495,0,3.97952488441624,7.08676719965507,Mismatch
2.89656947660282,5.5717968292894e-05,38012647.4117867,0.49657990306538,0,2.97282510606593,2.14854606424998,Mismatch
2.41119931295802,8.66918732975811e-05,55519893.8610759,0.45547880874204,0,2.67295163550857,0.40330161051513,Mismatch
2.92221274965865,8.88718812926125e-05,28362197.880589,0.453624597181026,0,2.66048689176194,2.01136542590377,Mismatch
2.08601014919881,7.17878357604169e-05,65663549.7268879,0.563241529357677,0,3.57918995150496,1.786288767543,Mismatch
1.80387223166974,6.15285089433457e-05,35543496.5971266,0.581752094501334,0,3.78185299604896,3.37747996734847,Mismatch
1.98795666694109,6.48230625375048e-05,31259638.8647317,0.485256252658695,0,2.8854284492627,4.18449497175458,Mismatch
2.42887140336495,8.04254729402448e-05,56649806.6640554,0.433646645338031,0,2.53136426850285,5.08538891497708,Mismatch
2.68321357505537,8.54364729568985e-05,33401505.1075216,0.478437977651222,0,2.83463502766803,4.76753875508328,Mismatch
2.23035444494176,7.40533858940349e-05,43740918.8304507,0.442084700802943,0,2.58477353619514,2.70674605965289,Mismatch
2.68292756100633,5.63064715987228e-05,64326116.9306911,0.452818211300444,0,2.65509240494506,0.291706685740745,Mismatch
2.65184624846231,6.31087794743881e-05,55249909.2428507,0.517754143985609,0,3.14726217977146,6.05101622237151,Mismatch
2.67702785471385,0.000133538862510657,53578179.083319,0.479827388332083,0,2.84487755629245,3.95744829847354,Mismatch
2.32610367346853,8.49668016360263e-05,30841179.256522,0.532045393170324,0,3.27391881778813,2.9867215738755,Mismatch
2.61311265077399,6.6705708844848e-05,47897498.8094843,0.484568048539075,0,2.88024062988579,8.66941042830512,Mismatch
2.3306635851779,7.46362375356774e-05,23581518.3864172,0.592734874949353,0,3.91080595165442,7.4674330779816,Mismatch
1.76390077100016,7.35295136173301e-05,35899150.9559602,0.588385553526132,0,3.8589159518894,8.57765548372442,Mismatch
3.08996410284551,6.55841828945217e-05,44963553.7938659,0.540251990747463,0,3.3502091575157,4.94982794712461,Mismatch
1.38952442217037,9.06525820660261e-05,35337761.4583309,0.503923467802573,0,3.03163598798108,1.30931252126777,Mismatch
1.67909819604617,5.56093439046733e-05,40521383.6956689,0.508807127867557,0,3.0717203230521,6.96221436121272,Mismatch
2.82697317735952,6.12194741455186e-05,40042816.4209503,0.514301209604891,0,3.11777842471675,2.06073779937175,Mismatch
2.22367623960537,5.89480491761346e-05,47385366.7779185,0.56440007167426,0,3.59136898320242,4.41229669091717,Mismatch
2.70152124408534,8.39986718316109e-05,55037851.1922813,0.521240006760545,0,3.17745849327826,0.650007889488885,Mismatch
2.22694372960145,5.75232553460827e-05,22246014.5514891,0.582035459371662,0,3.78509491975885,8.25308402422982,Mismatch
2.25199461872029,9.86290167458999e-05,43360972.3485829,0.593176940938409,0,3.91614217889555,1.25940641047501,Mismatch
2.09838883417524,7.16236746946813e-05,60495714.4224947,0.500489424217023,0,3.0039192300684,9.0309750704931,Mismatch
2.40079247786249,5.29815763202932e-05,39113510.4556718,0.539281092408092,0,3.34104172206352,8.64230602261557,Mismatch
2.33725375079305,6.98657243366915e-05,27285837.6237823,0.450939344742759,0,2.64258480524885,4.64582764439246,Mismatch
2.57400194615995,5.60833067232278e-05,41525006.670144,0.47378164008408,0,2.80070357164954,7.44368204303991,Mismatch
2.52426608742962,8.06635107947541e-05,36974054.7531334,0.51458651150999,0,3.12019865006524,6.19445073818153,Mismatch
3.31884705465813,7.10569971614481e-05,30561632.3721639,0.474969715931017,0,2.80930407385267,8.03075642337745,Mismatch
1.94514672925695,7.92462464447147e-05,49124662.5783606,0.584617620896536,0,3.81484073618308,4.31805100785912,Mismatch
2.50360831311847,7.70503429032664e-05,40710895.8011906,0.464872832510335,0,2.73742938408865,7.8580848424435,Mismatch
2.68157329728498,6.23463457461467e-05,55997066.3594888,0.521930395229663,0,3.18349123232964,4.62456817065148,Mismatch
3.38816497180061,7.95225383390565e-05,59266121.3736713,0.546335979661331,0,3.40854886068981,9.40965787842794,Mismatch
1.9198577921679,8.82724412101801e-05,47642296.326652,0.559257388230731,0,3.53779586224127,4.86372100825148,Mismatch
2.58747373436369,5.9668310487644e-05,22187970.6187571,0.509154761246768,0,3.07460405458976,4.6261927193373,Mismatch
3.0819438429022,0.00010021703845673,38191746.3242237,0.583649811787921,0,3.80364860308709,7.85071861563513,Mismatch
2.41335545760443,7.11777508730162e-05,36917849.1001663,0.540491723079697,0,3.35247872661689,8.21577691760838,Mismatch
2.76837632955296,9.87892659934076e-05,49603468.2590162,0.519145425712735,0,3.15926167067133,5.54489114321171,Mismatch
2.09861510647109,7.70121097269597e-05,26504800.6982421,0.444577275498177,0,2.60086095107806,1.79797813495075,Mismatch
2.72558497290316,8.39829337580967e-05,35672883.1519041,0.523473027994686,0,3.19703420266775,4.6775823095758,Mismatch
3.1767634318802,6.93017393276971e-05,40654989.4764467,0.577265665489707,0,3.73110376122359,9.68072502909678,Mismatch
3.0744242755473,9.24818122381206e-05,32043902.9237791,0.547696687740385,0,3.42181152733197,7.52986193039185,Mismatch
2.38888235102079,6.09679967346375e-05,34566175.5384093,0.578791626012349,0,3.74824368059368,8.11162603879132,Mismatch
2.21233192914143,5.09687034602884e-05,42216449.9014518,0.528415056712654,0,3.24101750589896,0.328254988192401,Mismatch
3.16508289731117,8.20538897198202e-05,27377319.8751827,0.456180752291465,0,2.67769255764172,4.6785946263416,Mismatch
2.45439452660786,5.93825824815363e-05,27619023.2810453,0.43189238583233,0,2.52045976875382,6.46621133657555,Mismatch
2.08868648764336,6.07337756528373e-05,34625425.8740901,0.494289174542528,0,2.95482932007789,8.30032683628075,Mismatch
2.99560582159237,5.85304522274682e-05,48818336.0184347,0.560148166550748,0,3.54698570724669,0.492736535827715,Mismatch
2.47394529932105,5.06713310373227e-05,41834868.0124063,0.573141176827328,0,3.68538985591254,8.52438885641873,Mismatch
1.1273003416942,5.41148030156405e-05,36570403.8837927,0.492852935143192,0,2.94362925193049,5.48400936741912,Mismatch
2.09966773042879,6.99598929021285e-05,42173318.0705896,0.528688815636758,0,3.24348088132487,1.9731397057606,Mismatch
1.74578830837737,8.05316960745734e-05,32103705.8935406,0.515935213887009,0,3.13167835665112,3.172552164497,Mismatch
2.55732894349453,5.70359303031181e-05,49028581.8871411,0.5140658707504,0,3.11578417652714,2.81929551751561,Mismatch
2.6783190117584,7.99283264121491e-05,22684762.5029041,0.480117492483907,0,2.84702306980023,5.30859034288476,Mismatch
2.50620807982349,9.34963241535382e-05,44556328.1461009,0.460124332036581,0,2.70455665754419,0.516856799111318,Mismatch
3.21653574505823,6.8915156921564e-05,49035354.2320546,0.472995337400496,0,2.79503283734682,1.58536158499924,Mismatch
3.26305969722859,9.7155742677059e-05,45847131.6912008,0.44180831922514,0,2.58299858074502,8.12693043375782,Mismatch
2.75708429348737,8.89276225244374e-05,29689605.2781173,0.473295573728145,0,2.79719611273537,1.32603990746811,Mismatch
1.53950234924581,7.51184887848957e-05,35775510.4198629,0.430815859289429,0,2.51380134643807,2.33396269458127,Mismatch
2.94114816309826,7.13578285269927e-05,44355095.9787887,0.549639581157071,0,3.44088760095397,4.53370605604157,Mismatch
2.41773217152263,6.4306047930021e-05,11320668.9275973,0.496800039626047,0,2.97456311108152,5.17120888113331,Mismatch
2.59535873749522,6.39288174784419e-05,53514184.7618284,0.596751191060754,0,3.95971706714036,7.63610479614159,Mismatch
2.78367537241588,5.59084117844871e-05,48868857.0620979,0.472375643272695,0,2.79057557616445,4.47332426666188,Mismatch
2.23167777868515,7.79288394040557e-05,49850509.159298,0.502331930175491,0,3.01874285546439,7.89864621035539,Mismatch
3.3149144299782,8.97123237329888e-05,15791913.9468297,0.504553369798443,0,3.0367617379623,6.18346307045457,Mismatch
2.1154555828801,5.91524399491054e-05,47259397.5591804,0.430633712971252,0,2.51267724409369,1.13099739423822,Mismatch
2.63043016946705,6.30007774223534e-05,43750446.2051989,0.579727034897708,0,3.75881192955919,1.56331438392839,Mismatch
1.21650145591322,5.12232320482726e-05,55566377.0885685,0.436300821809995,0,2.54799169021649,4.37033725449771,Mismatch
3.19881839130105,0.000104832783280431,21513172.3019573,0.592690401754985,0,3.91026975209386,3.9688939308904,Mismatch
2.15087582910515,0.000104454103433597,26700413.4220256,0.586615564980828,0,3.83811152664043,7.43544269637295,Mismatch
1.63099279197917,7.592152541661e-05,36203335.0958658,0.535238547290519,0,3.30328287412895,5.80737139797352,Mismatch
2.06756056483057,5.286108272801e-05,30252302.6353364,0.536542828878287,0,3.31539336236694,3.88133081002249,Mismatch
2.38160376540737,5.19888577568872e-05,43130008.7761305,0.553637873204105,0,3.48066688443423,1.70760283450386,Mismatch
1.86810127879948,9.52996571634751e-05,50570264.9212601,0.509872997990336,0,3.08057501790233,2.26837102325495,Mismatch
2.72816985444546,0.000108711981276921,33631233.9754128,0.552656113561935,0,3.47083342509678,5.75501018469059,Mismatch
2.34400217861906,7.42963839727194e-05,57723794.9140617,0.439328721313167,0,2.56715258303273,4.23438804899792,Mismatch
1.29371227383669,5.85540220644224e-05,27660613.7793818,0.441507930534953,0,2.58107144102459,5.14927508860672,Mismatch
2.20825892471052,0.000110909020282075,38596343.5552776,0.522199293270958,0,3.18584562942932,1.70677435302234,Mismatch
2.90157188573062,9.74271597686842e-05,46813136.3186034,0.537511671214941,0,3.32443345165905,6.62906252344566,Mismatch
2.55428776134444,5.19979900147678e-05,23518985.4649344,0.58606928261591,0,3.83172646050373,8.52538740855967,Mismatch
2.6421346237322,5.11080210387614e-05,43166990.1611474,0.453102283578618,0,2.65699095086184,2.57939506786901,Mismatch
2.78022872014319,8.89855075092752e-05,39134828.2387232,0.577521783792026,0,3.73397189079083,4.91514225831827,Mismatch
2.24147751949072,6.07901699521836e-05,49870975.7908865,0.475763361445428,0,2.8150710059381,9.75527329020902,Mismatch
2.1114949324554,7.82396733699849e-05,18929613.5234714,0.511136968710894,0,3.09112547276505,3.33241740550728,Mismatch
2.19033936019693,5.12065018214647e-05,32471665.181052,0.496843150179913,0,2.97490365224112,5.95046344923761,Mismatch
2.81355657933966,6.44670561573897e-05,16013964.9321357,0.512222831180004,0,3.1002329092981,0.901957002002444,Mismatch
3.61031432090371,5.74919011193264e-05,38418201.5235484,0.463194356843572,0,2.72574324710888,6.06015002479443,Mismatch
2.49267718000313,5.41719275871163e-05,32812197.3294746,0.53000397204324,0,3.25535511160533,0.896317733046179,Mismatch
1.65807660591236,6.91176977348398e-05,43236813.0984672,0.574691045158855,0,3.70246388474705,9.59235435323822,Mismatch
1.94490297007689,5.12551418555048e-05,43308235.337834,0.519496549500059,0,3.16230101556835,7.15662652072311,Mismatch
2.39305181343693,8.08981987970324e-05,44088192.8808635,0.527847591973262,0,3.2359203638473,7.88159788135706,Mismatch
2.71696973395024,5.03658849900829e-05,40680303.4219387,0.580989614272256,0,3.77315137792197,7.04104360771637,Mismatch
1.82733002093119,8.94608949490237e-05,26277349.4135153,0.561315692250413,0,3.55908717195705,5.89729036076466,Mismatch
3.04927442448837,5.61664214628766e-05,38013003.2429766,0.527820978336591,0,3.23568161277968,4.49912781085505,Mismatch
2.37722777278591,5.96304177439088e-05,49530788.1024559,0.485403929156418,0,2.88654347228377,8.58373379761062,Mismatch
3.01965679012395,7.81490204047423e-05,50729439.6124082,0.585697457596571,0,3.82739012026745,9.56835667543063,Mismatch
2.62273345350921,5.48172415766399e-05,14399562.5211835,0.541865541192577,0,3.36553060253584,4.99036172904081,Mismatch
2.83388946528544,9.63275131445322e-05,26407391.8002148,0.478041385763601,0,2.83172141516604,9.31535049155262,Mismatch
2.6704177001111,6.22731959383956e-05,11947466.7152097,0.487662874493018,0,2.90367962895702,5.83332909988517,Mismatch
2.80374145610886,6.23443345575478e-05,23373459.8058645,0.574893158789655,0,3.70469963340437,5.38384186896433,Mismatch
2.7603212793426,5.37452741372119e-05,39045604.0615536,0.439181842622688,0,2.56621834313118,4.54482732955357,Mismatch
2.60212356585262,5.03517389979244e-05,42526590.0404823,0.599048805883908,0,3.98813828054323,2.0928776153012,Mismatch
2.54742173341403,7.6153347861612e-05,56653825.886411,0.458805274914708,0,2.69552751957219,0.0371966081805919,Mismatch
3.18801380491997,5.51435727316368e-05,49321085.3425774,0.573933488403333,0,3.69410278809541,2.41506226856061,Mismatch
2.73116558285937,5.6610174669868e-05,48729230.5904218,0.511260912104066,0,3.09216297515752,5.09723171603565,Mismatch
2.63499584598246,6.90276129807677e-05,33748671.17729,0.528115389417091,0,3.2383242749312,3.79959952259753,Mismatch
3.31112025967738,6.31340687718521e-05,17832388.2781013,0.585146232731975,0,3.82097586619687,4.48485228002634,Mismatch
2.38387037024183,0.000115040419505089,42260869.2467799,0.514488487021395,0,3.11936678438382,9.80648219564049,Mismatch
1.56465184717274,7.26796953007241e-05,36893423.2790898,0.535557770313638,0,3.30624063050985,3.50272370669328,Mismatch
2.48506221176905,8.39864874280059e-05,33026734.5708078,0.440395001783384,0,2.57394949361375,4.52182939360108,Mismatch
2.54341819071029,5.25638228166225e-05,37110911.695265,0.429145742336567,0,2.50352121080118,1.3351555135282,Mismatch
3.06766131077365,7.24840833379202e-05,28171958.1552857,0.482829929013353,0,2.86719980950259,0.479577324369876,Mismatch
2.3876721414215,0.000101012111666039,40340372.8091152,0.557607728694928,0,3.52087463937815,7.75409514592495,Mismatch
2.55621260091396,7.40216857944385e-05,38013238.5936111,0.456801802089633,0,2.6818973400387,5.70683175071979,Mismatch
2.56366995253251,7.21836614696399e-05,40660274.7945569,0.455136325251773,0,2.67064293820682,7.60704806043895,Mismatch
1.45074639532922,9.91246813796131e-05,45492223.4076274,0.514143396509457,0,3.11644091205385,1.49862798886552,Mismatch
2.70997620738475,6.36767834651137e-05,37095193.7986728,0.552748361555409,0,3.47175555791234,5.71828771182691,Mismatch
3.00588478524446,7.04541068669909e-05,29277293.5157942,0.562181978821211,0,3.5681079883719,2.53642474341376,Mismatch
1.8278471928654,7.58658819534365e-05,30378562.8576959,0.469168794216242,0,2.76767601114756,2.2806181690002,Mismatch
2.52699534677884,6.50385935624032e-05,36311921.2240986,0.447419510334188,0,2.61938222105806,0.115260140529853,Mismatch
2.65938570001359,7.64529314913191e-05,49533407.4534389,0.592717425155084,0,3.91059555091832,1.30340723569072,Mismatch
1.72838994049839,9.61596709983188e-05,51124025.8306099,0.485993261617196,0,2.89099957384315,3.09268111499695,Mismatch
2.01291749153278,6.04073162612255e-05,47125147.9747104,0.581591686624141,0,3.78001974641309,1.16878760590939,Mismatch
2.87569586733559,7.18185045801143e-05,23255002.6440156,0.582919483078446,0,3.79523717569423,9.85858440410938,Mismatch
2.35109048528076,5.05422829242235e-05,43741944.6604825,0.570703417837331,0,3.65878388764382,3.08632648523951,Mismatch
1.96025170081465,9.69227916268294e-05,42945496.310151,0.467128546850337,0,2.75325040997885,1.30323946702328,Mismatch
2.24277365075582,9.66622626436932e-05,39264288.3817158,0.577408440214415,0,3.7327021888813,1.99082312827958,Mismatch
2.669494347605,6.10735235106167e-05,40215151.4361475,0.570250675082709,0,3.65387583886238,5.87703228341477,Mismatch
2.59659885757761,5.94611159601523e-05,42615809.8754006,0.54494617640382,0,3.39508448515933,0.640435238647885,Mismatch
2.80947222413813,7.32193028908581e-05,47401167.9888752,0.500724330761773,0,3.00580305275343,8.62434130141157,Mismatch
2.23356526324713,5.75926765272815e-05,32554810.0997227,0.486358042829781,0,2.89376290639982,9.61499679237147,Mismatch
3.24234074941205,5.87998563443426e-05,45976828.1784196,0.456939927574397,0,2.68283381812054,2.46747420667381,Mismatch
2.35525689561976,8.04369517850583e-05,30827849.099782,0.53102675411816,0,3.26463560035131,4.50095268590859,Mismatch
2.11842478999454,7.40170816590602e-05,25614295.8934592,0.54315905606425,0,3.37789131326477,0.221344510294971,Mismatch
2.38955466707727,6.45463139939594e-05,61398591.8898244,0.504828968038948,0,3.03900848577368,6.40710224727222,Mismatch
2.41162091360003,7.72314572421454e-05,64499462.2655892,0.525283248229007,0,3.2130386015213,4.13926058052589,Mismatch
2.94288019024639,6.60681034892941e-05,22109025.5770713,0.505595629857195,0,3.0452716860539,2.70058466101556,Mismatch
3.43961053490268,7.68243949844705e-05,37406908.1313027,0.551721186384132,0,3.46150908598105,2.06837110616608,Mismatch
2.27733032916439,8.37645354755094e-05,30661956.0093123,0.587789399629427,0,3.85188881169484,6.5402307765876,Mismatch
2.87668828055802,5.65319289925862e-05,39605034.4248697,0.466080122659591,0,2.74588039307042,4.16217031032314,Mismatch
3.12929241542925,7.02600454113035e-05,48942819.749236,0.508854519883144,0,3.07211321485469,1.79659289029912,Mismatch
3.93038690382195,9.17267413764735e-05,55740304.4678039,0.461105695036006,0,2.71130290592629,6.89109081486824,Mismatch
2.08338489009083,7.04710736114162e-05,42213859.1074442,0.549287207865976,0,3.43741565561175,5.65072283036694,Mismatch
2.58885560946257,5.11436106443052e-05,35088072.5983889,0.564583743678991,0,3.59330576423289,8.58672054929496,Mismatch
2.19165621922581,7.10138425160629e-05,43814899.405286,0.591659156335817,0,3.89786909889618,1.17475898876493,Mismatch
2.80349159492571,0.000103295436927913,34606267.6405871,0.489575588121887,0,2.91830788939145,7.85666601944456,Mismatch
1.47910411395206,0.000100136424495261,63418459.5363163,0.593934750262688,0,3.92531680879815,6.73516786817259,Mismatch
2.63569110326651,7.85276935145687e-05,52829133.5199693,0.443655363496422,0,2.59489400773101,1.15010936828098,Mismatch
2.11231649632336,5.16499811580576e-05,41214533.0095599,0.545921090383066,0,3.40452079504688,6.94820729871721,Mismatch
2.41779007873664,6.02800973710289e-05,34738488.373436,0.44222871023817,0,2.58569907901499,4.4154728887983,Mismatch
2.73846212271624,5.41355282120435e-05,32305758.714204,0.5868333098239,0,3.84066128164292,9.44984785555843,Mismatch
2.8610384876627,5.92780149725748e-05,28503507.4598508,0.534311203731128,0,3.29471358560508,1.41611350617899,Mismatch
2.63828049092398,7.15752073549961e-05,44425672.4067066,0.555952487273157,0,3.50402252614419,6.42833390815738,Mismatch
3.24649718618261,7.14155394807288e-05,38324695.9912935,0.57871330054331,0,3.74736088886568,3.81980045462946,Mismatch
2.26765953198455,9.29038489308079e-05,30239195.7305172,0.463154398515802,0,2.72546593372595,9.56814670590878,Mismatch
2.53494032518779,8.41713599831282e-05,39124616.0702159,0.43786865427679,0,2.5578873429072,3.29974895290276,Mismatch
2.40985409822277,8.91019267378762e-05,56128621.935952,0.584917712703223,0,3.81832171886928,9.621859094918,Mismatch
1.10470172492624,6.56914978515438e-05,23035286.8105493,0.496526009476007,0,2.9723998411884,9.01485851100749,Mismatch
2.61892938458006,6.74372947109092e-05,46313502.5859572,0.458503551665414,0,2.69346836189075,2.70383235310656,Mismatch
2.8499739767202,9.47923755620991e-05,55395767.0050502,0.524114527378336,0,3.20269185563063,8.03541776826428,Mismatch
2.64677570363789,9.31346071823492e-05,52756443.1776579,0.545191905516514,0,3.39745911354403,9.95604201803506,Mismatch
2.72929719617239,6.15106706601684e-05,37737474.5013793,0.436056713096349,0,2.54645590513377,2.52663002171282,Mismatch
2.60043023644901,5.196058889877e-05,29328602.1177436,0.488797441623289,0,2.91234348738563,4.3677716932332,Mismatch
1.7961335449237,8.7159051765748e-05,34904101.6090097,0.436492700814598,0,2.54919981141534,5.2018073656676,Mismatch
1.78272516070155,6.87475572811529e-05,36785014.3564848,0.515797480493998,0,3.13050308379325,2.94931135803864,Mismatch
2.66707393557814,5.52957461836125e-05,23227518.6251348,0.587002987621738,0,3.84265004359937,0.152648396460298,Mismatch
2.19526662274606,8.70364094328449e-05,44365934.3102966,0.597907398904414,0,3.97397861724035,2.20129244197527,Mismatch
2.0268399631047,6.4692408748011e-05,38746814.419918,0.551123783740358,0,3.45557133025544,2.81936884341758,Mismatch
2.4340779459213,5.00958994776398e-05,48960147.5701799,0.465591656639982,0,2.74245654067689,4.43599701318187,Mismatch
2.60336678520636,0.000103053542829468,14428053.7860508,0.588373535173239,0,3.85877408499896,1.71102478413402,Mismatch
2.19054834433924,5.85133801842391e-05,43780517.3418606,0.5320949781422,0,3.27437173480009,8.73254356691673,Mismatch
2.91581331369318,9.32602159458944e-05,43161195.7379783,0.463896651854343,0,2.73062396815438,7.04911132731336,Mismatch
2.68986791562224,6.47084607328972e-05,50710399.0785401,0.590381334847116,0,3.88259000417749,0.85200477559662,Mismatch
2.31181693129866,5.36190161435405e-05,54887107.2850899,0.568612558275745,0,3.63620357608466,6.50092451139931,Mismatch
3.02353567725965,5.02863540139413e-05,47865755.679321,0.564986447251046,0,3.59755790908473,6.5365647640562,Mismatch
2.81127517313066,5.2926312518754e-05,53020852.7948591,0.561765922174,0,3.56377105569161,9.56221173643628,Mismatch
2.70084592995577,9.03490859411459e-05,38295027.4168139,0.4737548010081,0,2.80050973164466,0.0302087135616125,Mismatch
2.59291901090245,7.98937325381941e-05,40113063.6280836,0.475961027138296,0,2.81651003756129,2.47932449805807,Mismatch
1.85472606609673,5.07489484871763e-05,26448555.0009834,0.558736525652247,0,3.53243949764088,9.27791479375315,Mismatch
2.87720680892097,8.99748852027396e-05,23772697.0523377,0.477750080783637,0,2.8295841251656,9.32133915398283,Mismatch
2.21989942705424,6.07363944755679e-05,32648383.244976,0.519000391832719,0,3.15800754520457,7.20586419370637,Mismatch
3.33854999440225,9.16405148796916e-05,16219259.9894469,0.572009666596371,0,3.67300273839091,7.6576332104754,Mismatch
2.99686884313547,7.06688233637011e-05,31729874.7825791,0.572277488533434,0,3.67592877714676,0.914829579296471,Mismatch
2.62873359380275,5.20783303256337e-05,26915642.0043416,0.521518813217672,0,3.17989265878879,5.13875834778234,Mismatch
2.05410410950289,6.14465109883424e-05,14484129.0339554,0.573404765389214,0,3.68828490741287,2.31582991288999,Mismatch
1.94352778722041,5.35914229617015e-05,53938008.229106,0.579649371165501,0,3.75793269429709,1.81218043613617,Mismatch
2.23733257982864,7.15443283005285e-05,26645558.5564811,0.553786928262705,0,3.48216362692639,8.10303299123333,Mismatch
2.45872592530038,6.28825534667072e-05,49519053.5111628,0.479524328123248,0,2.84263877846263,1.35038136680547,Mismatch
2.34724151354956,5.77327369959539e-05,53206433.4990101,0.48862414633267,0,2.91101767057832,4.68651636996385,Mismatch
2.54214412375797,5.16929371675929e-05,43088047.1728361,0.496508504631547,0,2.9722617331131,9.38578239586033,Mismatch
1.78573745937348,8.06432778407836e-05,43927506.4988831,0.455812840951269,0,2.67520616160093,1.85832055565343,Mismatch
3.13088234090254,7.64432498667489e-05,24676147.8313786,0.488456958443357,0,2.90973943055492,9.77993423738235,Mismatch
1.85202704467913,5.76865536045514e-05,69902282.7626749,0.475654485225949,0,2.8142788364688,9.94287985761059,Mismatch
2.75252178924932,7.03127328494364e-05,53198057.7496745,0.521873467067372,0,3.1829931247129,5.55617154682403,Mismatch
2.72711706940519,5.32997286116414e-05,61382624.4681879,0.588702168600677,0,3.8626563218084,1.70142740177158,Mismatch
2.52798634911163,6.51677589844629e-05,49217458.9981198,0.453061831331697,0,2.65672047513094,3.16104887940896,Mismatch
2.92610567585807,5.18280311180449e-05,36835929.738029,0.563357091842213,0,3.58040188592109,4.24492832676535,Mismatch
2.35135654503693,5.69663094346343e-05,49535380.5825202,0.55858898176785,0,3.53092450661969,3.09324224358223,Mismatch
2.71398873276064,6.62219523306165e-05,31312928.4082429,0.451097041267449,0,2.64363129799504,2.80635579876516,Mismatch
2.24541989255722,6.97291711494184e-05,42967807.592227,0.590487735048979,0,3.8838586073587,9.72229709216358,Mismatch
2.228055418569,0.000109533577383606,27436434.4380169,0.540515959106779,0,3.35270830323523,1.53364827415746,Mismatch
2.57188521136698,6.1971421487045e-05,70837807.5706318,0.50563432046579,0,3.04558828170353,7.33327908716862,Mismatch
2.4984769854979,8.33517173403879e-05,37587863.3172377,0.568482652607222,0,3.63480787524296,0.00410289439174871,Mismatch
2.66337628554456,5.34786330468376e-05,33451853.3602021,0.48533834284903,0,2.88604818760245,5.96182669402377,Mismatch
1.93331010465165,0.000123816265047477,42047992.4719157,0.559497054098744,0,3.54026475556948,9.15943003954052,Mismatch
2.30469696161781,7.29954081245278e-05,47859991.2199259,0.438133878083671,0,2.55956681135837,2.87934094093219,Mismatch
1.73841263580353,8.79441868345642e-05,41918999.9012042,0.579753538834082,0,3.75911205641391,1.85525975257719,Mismatch
1.34058562779871,0.000103353725489604,32961097.0069342,0.520643059697531,0,3.17225627053198,6.51679794878427,Mismatch
2.31820244132388,0.000124249843804366,64028921.5362537,0.551070185197929,0,3.45503937153691,7.12601407298393,Mismatch
1.61298603763649,7.34296801458414e-05,55140652.3252194,0.478059817713657,0,2.83185672971003,6.88030518951981,Mismatch
1.80797340423196,5.86907778692069e-05,38472286.3875793,0.557092010162345,0,3.51561056898767,3.19316880021374,Mismatch
3.03734842008564,7.17289973738092e-05,51962768.1989448,0.570664392120019,0,3.65836041383992,2.52202402159331,Mismatch
1.95772118169468,5.2142527438297e-05,37182639.65985,0.524920280591004,0,3.2098197803266,9.55918799962044,Mismatch
2.7998204382286,5.61195848287408e-05,40430759.0664215,0.548184985382083,0,3.42659038609269,9.2329950826993,Mismatch
2.01211734645222,6.49333064276528e-05,39420761.7781296,0.522044375164024,0,3.1844888857336,4.5731660989282,Mismatch
2.79477285062583,7.83995447394157e-05,38974731.9183517,0.586873914591144,0,3.84113705388677,8.46193866154373,Mismatch
2.47603457385841,6.88675481074195e-05,52237421.4944032,0.529057590613216,0,3.24680377077148,4.52323477634296,Mismatch
2.35214607130273,5.36935751191703e-05,41386402.0532025,0.580071280105189,0,3.76271306354323,4.2438901807251,Mismatch
2.54225834939653,6.91581577379895e-05,34121076.5028658,0.574651626314801,0,3.70202808740537,1.56762947599295,Mismatch
2.31716182011239,6.08696872339508e-05,30422294.9101758,0.514062689499989,0,3.11575723202253,4.26406056491973,Mismatch
2.64002979922471,6.93750860558674e-05,32377340.4663633,0.479861097855132,0,2.84512673778621,5.37416938599807,Mismatch
1.99354064065024,5.16892829424257e-05,42881534.8609362,0.513278161004089,0,3.10912319883966,0.225043274286865,Mismatch
2.9147660843057,5.56460454058287e-05,29632908.9397678,0.577999071358622,0,3.73932606366283,4.44113005175406,Mismatch
2.32368272789369,8.19037616452166e-05,29763638.1601006,0.479363099136321,0,2.84144880372909,7.813562183952,Mismatch
2.72884104466612,7.96483329067813e-05,43349282.5612813,0.533435691811684,0,3.28665451878662,6.8004605637427,Mismatch
2.27602884656406,9.07191646753606e-05,48737977.0665609,0.575294464661646,0,3.70914512194112,6.35156988863935,Mismatch
2.64581364263776,5.39901574714911e-05,50169072.4891639,0.503748708642157,0,3.03021621269257,9.09555428437202,Mismatch
2.42791974642839,7.07357231672289e-05,40179670.3795847,0.55190251102885,0,3.46331445550405,0.1803200982523,Mismatch
2.7973359522306,9.44589748914846e-05,57431057.669153,0.482996713326056,0,2.86844736107322,5.57047586192234,Mismatch
1.84289892782416,8.3724659757364e-05,70101351.6174319,0.454136429253375,0,2.66391916805224,7.87348848409707,Mismatch
3.16439562200093,6.69582002387012e-05,46067445.4489978,0.573704048263155,0,3.69157633763928,5.41335382701267,Mismatch
2.92052881855641,7.21140532822172e-05,41967315.415386,0.451822447604625,0,2.64845293511306,3.23895552580379,Mismatch
1.54282913408698,5.95543945821007e-05,35055664.5298193,0.488107730651276,0,2.90707209261938,1.36250565091978,Mismatch
2.19359963984699,8.52726202619149e-05,48156408.0986957,0.581823029093395,0,3.78266413299616,8.87563071816191,Mismatch
2.23892489588097,7.70609377165941e-05,32879693.7522592,0.502450918146971,0,3.019703930618,4.70762392387603,Mismatch
3.17020183203381,5.04418457737429e-05,29390598.6433342,0.596739072795785,0,3.95956802427124,8.78115196985701,Mismatch
2.1609234768468,7.51175697013758e-05,38055127.9824148,0.59755324463533,0,3.96960150216079,5.85852122433168,Mismatch
2.41935520091547,6.26410790789929e-05,30088321.2228925,0.487496717601918,0,2.90241403068033,6.74192116615001,Mismatch
1.78478335536869,9.53666187233645e-05,64395767.7383977,0.438433709258592,0,2.56146733337484,8.0426115437845,Mismatch
2.33870989990343,9.33265633968992e-05,40773826.1878635,0.561172058434749,0,3.55759492630807,6.59155544600134,Mismatch
2.60135604561783,6.25417207309565e-05,41457971.8230666,0.521127811502576,0,3.17647975397252,3.98054840678938,Mismatch
4.06295287260406,5.37528854781633e-05,46114982.2443353,0.452224269719073,0,2.65112926593936,5.13633383928651,Mismatch
2.54445565618788,6.40405268861794e-05,39876568.7378871,0.561526995507546,0,3.56128422846706,8.0304552467588,Mismatch
2.88425845866499,5.32175408096977e-05,26950092.3577652,0.436105440700656,0,2.54676236366788,3.73650296372984,Mismatch
2.5373896165656,6.0400160741906e-05,40917334.2203223,0.583792465368843,0,3.80529503573836,3.88121456768497,Mismatch
1.45661349897404,0.000103600792879119,47583272.819708,0.460622589478051,0,2.70797879366996,0.956901160580012,Mismatch
1.776542119989,5.03491695088452e-05,38923239.5306619,0.45813670057447,0,2.69096781812009,9.14584435221748,Mismatch
2.58884528910901,7.35973805440375e-05,44027267.6662141,0.468580972199146,0,2.76350844695288,0.910363149454417,Mismatch
3.08288236140601,6.40644908506458e-05,30091767.808246,0.595174441920607,0,3.9403995377381,6.48209177448556,Mismatch
3.49153880508331,7.1493964158836e-05,33248462.0821568,0.559447498210222,0,3.53975404038077,4.13194478802798,Mismatch
1.97161999657812,7.6606755425884e-05,31332285.6465998,0.57465426917685,0,3.70205730319546,4.05619390255442,Mismatch
2.16887058206645,0.000100780204287196,36121318.8336476,0.51177268369437,0,3.09645247859913,6.79551836572684,Mismatch
1.99764764229166,5.92533582628838e-05,61847109.1094654,0.500558012954475,0,3.00446909125743,0.670937326298787,Mismatch
3.66649577927737,6.8995492841118e-05,59534398.5760542,0.480752266719704,0,2.85172601017476,5.93705782951435,Mismatch
3.27195191825813,6.18992041441379e-05,36732177.6655692,0.526175492309039,0,3.22097204246861,7.72031785972355,Mismatch
3.05175725238409,6.60778190534148e-05,42006277.4883583,0.537865359923795,0,3.32774310030125,8.28212757886594,Mismatch
2.28567055138601,7.45230486150083e-05,45287039.3384136,0.55032556866488,0,3.44766226547913,1.70530389393775,Mismatch
2.50417745170582,9.72340902193933e-05,34136215.3028844,0.485289278836171,0,2.88567775599804,8.97419050078174,Mismatch
2.42027025848191,6.8614507603002e-05,29401263.9398865,0.593742094332929,0,3.92298112135449,6.56146091847442,Mismatch
2.21705182230503,5.35980857367527e-05,56351444.2462039,0.467325442665536,0,2.7546377473107,8.81854800820683,Mismatch
2.5134777386091,5.80009953153656e-05,43577981.3834896,0.595835469451086,0,3.94847976214962,4.85280717110198,Mismatch
1.88629842697876,6.97885933537529e-05,53297041.2508164,0.432186644899189,0,2.52228418376126,5.42033345097202,Mismatch
1.63917406306847,8.73074175072492e-05,36666917.6035607,0.526255908713332,0,3.22168853772527,9.19038277028671,Mismatch
2.93797092701413,6.20614490646962e-05,46124660.7765643,0.500006469563144,0,3.00005175717484,8.99909543354672,Mismatch
2.89326360087559,7.98089611534593e-05,32974336.3720942,0.52080716631279,0,3.17368512089538,4.48160873369002,Mismatch
2.43963565806344,5.81918252105701e-05,32307246.8379445,0.540862847153071,0,3.35599686847118,2.74412631635682,Mismatch
2.53139013640018,6.79623293916495e-05,40443239.1277948,0.518464912795314,0,3.15338373701906,3.93170434564264,Mismatch
2.20462329874637,8.19573090470963e-05,33563853.1268161,0.514830453522237,0,3.12227027545239,3.8776432852975,Mismatch
2.97042841193284,5.08872304518966e-05,30196939.6387497,0.565130901807874,0,3.59908512311996,2.86866874982794,Mismatch
2.94794683031927,7.34587672187256e-05,32229096.9857361,0.558383316741239,0,3.5288144126297,2.68579604332967,Mismatch
2.6493717634216,7.83945352037829e-05,29213161.7528245,0.578939117671347,0,3.74990692305377,8.61062936479719,Mismatch
3.09671398931988,6.1980780381942e-05,41895556.2397803,0.48386277239639,0,2.87493847185924,0.698619206846617,Mismatch
1.93028072315389,6.28159626887368e-05,39721098.0168985,0.546926289976795,0,3.41429276463109,6.77611182099594,Mismatch
2.1732771999144,6.93443474420996e-05,31044606.2678468,0.543148710893601,0,3.37779217808928,1.72820051456452,Mismatch
2.43531593712851,5.00870490086725e-05,27826327.3458539,0.506733910355521,0,3.05460671630903,3.44505893394063,Mismatch
2.15723500051303,5.58068937442421e-05,23896973.3443238,0.527084610706304,0,3.22908631285402,0.615430341348369,Mismatch
2.86571509947365,6.5028010699434e-05,45831352.3443743,0.496307076476235,0,2.97067321495859,2.69973636855462,Mismatch
2.1605660731402,6.55244494465678e-05,16511913.3402284,0.461318144284769,0,2.71276659642548,7.68421071117242,Mismatch
1.86005700342479,9.54738962131874e-05,41707442.4016277,0.476535962155522,0,2.8207018159941,8.85015324547259,Mismatch
2.26533890537387,8.47275061360864e-05,6922174.33759255,0.453293566831952,0,2.6582704696018,2.21527151902367,Mismatch
3.53982827727207,7.08942714317585e-05,30585649.7809303,0.557972401642456,0,3.52460436278519,4.63547839258922,Mismatch
2.34946731477768,9.16452404529233e-05,54058433.8698017,0.55467391774729,0,3.49109108966373,4.70324047937206,Mismatch
2.64887588324819,6.1929355370118e-05,41639515.2261929,0.593983613237938,0,3.92590955736981,8.73575305759734,Mismatch
2.4658549114331,8.67399851261684e-05,19912710.2824631,0.564698589664994,0,3.59451762047086,7.62799052875805,Mismatch
2.16897921221929,5.82383613450875e-05,45668660.7882016,0.44103924904928,0,2.5780687581342,5.1307721836805,Mismatch
2.47918218343926,5.04239662741859e-05,39683500.6566796,0.585609696756765,0,3.82636776089343,6.70747200471773,Mismatch
2.98433379586842,6.5927357709377e-05,42601714.2542788,0.58281295719781,0,3.79401274441859,8.47355053909367,Mismatch
2.51076511630942,8.3278243882614e-05,43640684.1061676,0.519805672788308,0,3.16498048115905,0.0953895402554494,Mismatch
3.04125881742465,6.77512258638664e-05,45192526.6892692,0.543253293713074,0,3.37879457579188,4.02890031050049,Mismatch
1.95777171085045,7.09226724317732e-05,49902174.721451,0.597108650123567,0,3.96411749870878,9.07243167277079,Mismatch
1.58964658259025,8.52073818087683e-05,35810435.6312352,0.534716710823307,0,3.29845654577225,7.40313030843951,Mismatch
3.18813161325065,0.000121873943745329,43556031.4452548,0.588306483167052,0,3.85798274256413,5.42841374334075,Mismatch
2.24623430192928,0.000116926314188772,39345690.0357643,0.448208602383605,0,2.62455813671528,5.29644527035133,Mismatch
2.62043338941556,9.16737333738636e-05,26044953.4157219,0.471818590817765,0,2.78657780306302,3.47770097604438,Mismatch
2.76571933197438,6.32579890531033e-05,22822627.4261268,0.519361606299148,0,3.16113241516198,5.20520533641514,Mismatch
2.35514447162021,7.44219735341436e-05,22977130.9096531,0.543080141941748,0,3.37713521250596,6.55383199463453,Mismatch
2.71157215698778,8.4826074123965e-05,45576248.5360999,0.576660602880048,0,3.7243417777942,4.18363038428793,Mismatch
2.03333670401436,7.61460751377531e-05,40868681.6816042,0.598586476283595,0,3.98239317271478,7.14153146392174,Mismatch
1.94055981573103,5.4007126836291e-05,41286762.1721274,0.510197353708842,0,3.08327724471117,8.61232227260386,Mismatch
1.73406085623881,8.82590509015092e-05,29055935.9177683,0.439952153532489,0,2.57112345421013,1.54684848184861,Mismatch
2.94230356229628,6.71444298659533e-05,38410155.3940013,0.574627125231234,0,3.70175725494299,4.51547022817424,Mismatch
2.07605056626541,6.95341240717559e-05,60219033.564415,0.54613236361901,0,3.40657107862421,4.08020091285081,Mismatch
2.74471389182768,6.12603286977751e-05,37308950.5471974,0.473381306147532,0,2.7978142883023,6.87464804049728,Mismatch
3.35468477574882,7.2062048167768e-05,41685203.7484648,0.528551252594829,0,3.24224268493213,2.49867465257929,Mismatch
2.56017391273575,5.80926186376448e-05,53857459.779832,0.566486395727141,0,3.61346536830059,6.40250914952276,Mismatch
2.54327613495885,7.38050556863006e-05,53964628.466885,0.570411460474355,0,3.65561768060297,8.77489241731488,Mismatch
2.47860151813868,0.000149192011095593,40896257.0366072,0.529348378231189,0,3.24942761799814,4.18131599793623,Mismatch
2.19331656117309,6.96336120317524e-05,56449490.8513482,0.494671538160468,0,2.95782179519329,9.1101569997922,Mismatch
2.45976569515954,9.68511097595228e-05,36737945.7371453,0.596824092505472,0,3.96061387305774,9.93163738933479,Mismatch
2.64060458184129,7.2206603139365e-05,47413175.7873097,0.55506552612587,0,3.49504391643474,1.06092049947952,Mismatch
3.37443860287811,7.79873063358178e-05,32198690.8959536,0.51366081528401,0,3.11235627901945,2.33053187984859,Mismatch
3.21120130973437,7.54038179576541e-05,33280917.7677975,0.489886338135956,0,2.92069483630698,9.50379751482093,Mismatch
2.89965088410464,6.47200164804464e-05,26398752.346042,0.564900948919981,0,3.59665447450534,9.58327686481387,Mismatch
3.02958694496397,8.91413300875806e-05,49480989.2516664,0.482304543987957,0,2.86327516839065,0.977072753867585,Mismatch
2.45452391929722,0.000118356647929543,38157070.2041226,0.467740409333361,0,2.75756498346053,0.149985003771367,Mismatch
2.88206557518214,9.98171501220497e-05,32918409.5795811,0.534315242591944,0,3.29475083344311,1.61100023256422,Mismatch
3.64337091044732,5.80890612588342e-05,32340851.8821503,0.491738345170692,0,2.93498108896621,9.96012783382248,Mismatch
2.23493002952261,0.000111264863310153,46779203.1696915,0.549889941974591,0,3.44335771738542,1.79999616610687,Mismatch
3.40620565494486,5.09716103977039e-05,49758900.822428,0.456064717065692,0,2.67690801231135,5.02547606722023,Mismatch
2.35782638931871,5.01160112653705e-05,42343478.0044113,0.553811619032542,0,3.48241165685098,8.48417726430511,Mismatch
2.69150702796705,5.7890228646681e-05,45190880.3321439,0.490438692519129,0,2.92494479199655,0.204016106882063,Mismatch
3.07333026137442,8.43355055650438e-05,39287419.6309164,0.428630916525082,0,2.50036440165177,6.04488982258459,Mismatch
2.99389689607239,5.68152360351133e-05,36599650.7452864,0.458053927668743,0,2.69040408651126,2.77025448869624,Mismatch
2.09218442304135,6.44123116676236e-05,44233072.3900982,0.591871972530458,0,3.90042306675264,8.62334916439732,Mismatch
2.96630953542386,8.82867224091892e-05,26057685.3207195,0.583422893824522,0,3.80103195867304,2.83461149264079,Mismatch
2.53892666457728,5.6125971080712e-05,37758357.2896459,0.480575274567425,0,2.85041354805435,6.86755720281909,Mismatch
2.24459316150564,5.66031765751112e-05,35498855.8715601,0.571510399795376,0,3.66755785681824,6.74219632447397,Mismatch
2.96896798772075,7.86846722763851e-05,39911392.0300757,0.546778918203759,0,3.41285738976096,2.2149354885964,Mismatch
2.61202114882489,6.98514455237658e-05,38750408.4631214,0.59647782173611,0,3.9563570671748,0.347991998683501,Mismatch
2.74062906705918,0.000107960669970514,40165290.3596776,0.50743872069279,0,3.06040848930109,4.09249573785397,Mismatch
2.12010797624841,7.25869399539642e-05,32378550.4500486,0.557736496330536,0,3.52219091877576,2.8919315196587,Mismatch
2.47564933960159,8.15471983757402e-05,40392887.1301976,0.443718742110387,0,2.59530358363588,8.08977749613709,Mismatch
2.82069223620547,5.304674225073e-05,32747655.9781438,0.511524483218357,0,3.09437102022461,8.00364188455345,Mismatch
2.34815457578475,5.49673230703917e-05,25151153.3705893,0.595610472329361,0,3.94572649178227,4.57023952192626,Mismatch
1.98425032935154,0.000117050312827424,25981468.4079468,0.535798232059626,0,3.30847131167518,6.06512225323219,Mismatch
2.73517043658248,9.73005764573198e-05,49952212.8746655,0.491329618609631,0,2.93181925500227,6.04259515986925,Mismatch
2.51073854428451,7.27858287994356e-05,37840511.2859813,0.456581758005568,0,2.68040644469291,8.27158148427623,Mismatch
2.91732181258381,7.17036717949715e-05,43633440.8361713,0.560950258300658,0,3.5552925102723,4.25002414123198,Mismatch
